status	i_r	i_t	i_lambda	r	t	lambda_	rho	z	column	R	L_lower	B_cut_upper	margin	producer_margin	regular_cells	cut_cells	exception_to_cut	stop_reason	elapsed_seconds	error
DIAGNOSTIC / NOT_EVIDENCE	0	13	0	225/256	251/256	2573/6400	570375/32905472	5812407/16452736	near	18611965/1073741824	[-0.83626852132302360204405593527698996655862132858 +/- 3.98e-48]	0	[-0.83626852132302360204405593527698996655862132858 +/- 3.98e-48]	[-0.83626852132302360204405593527698996655862132858 +/- 3.98e-48]	58826	0	0	max_cell_count	41.047236	
DIAGNOSTIC / NOT_EVIDENCE	1	13	0	227/256	251/256	2573/6400	575445/32905472	146601821/411318400	near	75109619/4294967296	[-0.93544703993658219346327361318018685568923046917 +/- 2.62e-48]	0	[-0.93544703993658219346327361318018685568923046917 +/- 2.62e-48]	[-0.93544703993658219346327361318018685568923046917 +/- 2.62e-48]	60023	0	0	max_cell_count	39.356269	
DIAGNOSTIC / NOT_EVIDENCE	2	13	0	229/256	251/256	2573/6400	580515/32905472	147893467/411318400	near	37885689/2147483648	[-1.0751206498129692530857837196206154142434746845 +/- 4.43e-47]	0	[-1.0751206498129692530857837196206154142434746845 +/- 4.43e-47]	[-1.0751206498129692530857837196206154142434746845 +/- 4.43e-47]	60023	0	0	max_cell_count	41.146106	
DIAGNOSTIC / NOT_EVIDENCE	3	13	0	231/256	251/256	2573/6400	585585/32905472	149185113/411318400	near	76433137/4294967296	[-1.2418794983762578598426760645796840808741424295 +/- 4.15e-47]	0	[-1.2418794983762578598426760645796840808741424295 +/- 4.15e-47]	[-1.2418794983762578598426760645796840808741424295 +/- 4.15e-47]	61373	0	0	max_cell_count	42.242194	
DIAGNOSTIC / NOT_EVIDENCE	4	13	0	233/256	251/256	2573/6400	590655/32905472	150476759/411318400	near	77094895/4294967296	[-1.2182371574822192486383587135743656462939926593 +/- 4.08e-47]	[35.432314291029171699094151905206803977116408824 +/- 9.74e-47]	[-36.650551448511390947732510618781169623410401483 +/- 4.73e-46]	[-36.650551448511390947732510618781169623410401483 +/- 4.73e-46]	37087	1024	0	max_cell_count	22.678248	
DIAGNOSTIC / NOT_EVIDENCE	5	13	0	235/256	251/256	2573/6400	595725/32905472	30353681/82263680	near	38878327/2147483648	[-1.2839691584224468818628217780137465827399504588 +/- 4.90e-47]	[35.432314291029171699094151905206803977116408824 +/- 9.74e-47]	[-36.716283449451618580956973683220550559856359283 +/- 2.15e-46]	[-36.716283449451618580956973683220550559856359283 +/- 1.28e-46]	37087	1024	0	max_cell_count	22.934248	
DIAGNOSTIC / NOT_EVIDENCE	6	13	0	237/256	251/256	2573/6400	600795/32905472	153060051/411318400	near	78418413/4294967296	[-1.3439503030441200217795986326395882385822643056 +/- 3.65e-47]	[35.432314291029171699094151905206803977116408824 +/- 9.74e-47]	[-36.776264594073291720873750537846392215698673130 +/- 3.22e-46]	[-36.776264594073291720873750537846392215698673130 +/- 2.34e-46]	37087	1024	0	max_cell_count	22.824090	
DIAGNOSTIC / NOT_EVIDENCE	7	13	0	239/256	251/256	2573/6400	605865/32905472	154351697/411318400	near	19770043/1073741824	[-1.3849597946065954066973491847103188872151140857 +/- 2.05e-47]	[35.432314291029171699094151905206803977116408824 +/- 9.74e-47]	[-36.817274085635767105791501089917122864331522910 +/- 2.74e-46]	[-36.817274085635767105791501089917122864331522910 +/- 1.87e-46]	37087	1024	0	max_cell_count	24.105061	
DIAGNOSTIC / NOT_EVIDENCE	8	13	0	241/256	251/256	2573/6400	610935/32905472	155643343/411318400	near	79741931/4294967296	[-1.3774468069896988576652510808633476527624633715 +/- 7.57e-48]	[35.432314291029171699094151905206803977116408824 +/- 9.74e-47]	[-36.809761098018870556759402986070151629878872196 +/- 4.68e-46]	[-36.809761098018870556759402986070151629878872196 +/- 3.81e-46]	37087	1024	0	max_cell_count	23.680074	
DIAGNOSTIC / NOT_EVIDENCE	9	13	0	243/256	251/256	2573/6400	616005/32905472	156934989/411318400	near	80403689/4294967296	[-1.2499324443109796446972308129460145563725607782 +/- 2.74e-47]	[35.432314291029171699094151905206803977116408824 +/- 9.74e-47]	[-36.682246735340151343791382718152818533488969602 +/- 3.12e-46]	[-36.682246735340151343791382718152818533488969602 +/- 3.12e-46]	37087	1024	0	max_cell_count	24.725331	
DIAGNOSTIC / NOT_EVIDENCE	10	13	0	245/256	251/256	2573/6400	621075/32905472	31645327/82263680	near	10133181/536870912	[-1.0365937595615331453126163954432967099804437906 +/- 9.83e-48]	[35.432314291029171699094151905206803977116408824 +/- 9.74e-47]	[-36.468908050590704844406768300650100687096852615 +/- 3.95e-46]	[-36.468908050590704844406768300650100687096852615 +/- 2.64e-46]	37087	1024	0	max_cell_count	23.390118	
DIAGNOSTIC / NOT_EVIDENCE	11	13	0	247/256	251/256	2573/6400	626145/32905472	159518281/411318400	near	81727207/4294967296	[-0.77346861752371720917232361120258828678532512237 +/- 2.08e-48]	[35.432314291029171699094151905206803977116408824 +/- 9.74e-47]	[-36.205782908552888908266475516409392263901733946 +/- 4.92e-46]	[-36.205782908552888908266475516409392263901733946 +/- 4.92e-46]	37087	1024	0	max_cell_count	25.161685	
DIAGNOSTIC / NOT_EVIDENCE	12	13	0	249/256	251/256	2573/6400	631215/32905472	160809927/411318400	near	41194483/2147483648	[-0.46720648183858163723885890485461821684143345976 +/- 3.92e-48]	[35.432314291029171699094151905206803977116408824 +/- 9.74e-47]	[-35.899520772867753336333010810061422193957842284 +/- 1.95e-46]	[-35.899520772867753336333010810061422193957842284 +/- 1.08e-46]	37087	1024	0	max_cell_count	24.091728	
DIAGNOSTIC / NOT_EVIDENCE	13	13	0	251/256	251/256	2573/6400	636285/32905472	162101573/411318400	near	20762681/1073741824	[-0.14125652520735815164900107453361192904512145931 +/- 4.35e-48]	[35.432314291029171699094151905206803977116408824 +/- 9.74e-47]	[-35.573570816236529850743152979740415906161530283 +/- 4.05e-46]	[-35.573570816236529850743152979740415906161530283 +/- 4.48e-46]	37087	1024	0	max_cell_count	25.750507	
DIAGNOSTIC / NOT_EVIDENCE	14	13	0	253/256	251/256	2573/6400	641355/32905472	163393219/411318400	near	83712483/4294967296	[0.16062028062723433967557536762827104154371289687 +/- 2.97e-49]	[35.432314291029171699094151905206803977116408824 +/- 9.74e-47]	[-35.271694010401937359418576537578532935572695927 +/- 2.62e-46]	[-35.271694010401937359418576537578532935572695927 +/- 2.62e-46]	37087	1024	0	max_cell_count	25.969548	
DIAGNOSTIC / NOT_EVIDENCE	15	13	0	255/256	251/256	2573/6400	38025/1935616	1937469/4839040	near	42187121/2147483648	[0.37606777412642686317533340853944952650438248858 +/- 2.29e-48]	[35.432314291029171699094151905206803977116408824 +/- 9.74e-47]	[-35.056246516902744835918818496667354450612026336 +/- 5.36e-46]	[-35.056246516902744835918818496667354450612026336 +/- 4.49e-46]	37087	1024	0	max_cell_count	25.245466	
DIAGNOSTIC / NOT_EVIDENCE	0	13	5	225/256	251/256	2703/6400	570375/32905472	359181/967808	near	18611965/1073741824	[-0.72488426522471529591407956999689570784890683838 +/- 3.33e-48]	0	[-0.72488426522471529591407956999689570784890683838 +/- 3.33e-48]	[-0.72488426522471529591407956999689570784890683838 +/- 3.33e-48]	58826	0	0	max_cell_count	38.771477	
DIAGNOSTIC / NOT_EVIDENCE	1	13	5	227/256	251/256	2703/6400	575445/32905472	9059343/24195200	near	75109619/4294967296	[-0.81606975268119138733969565776810620180003325904 +/- 3.43e-48]	0	[-0.81606975268119138733969565776810620180003325904 +/- 3.43e-48]	[-0.81606975268119138733969565776810620180003325904 +/- 3.43e-48]	60023	0	0	max_cell_count	40.946202	
DIAGNOSTIC / NOT_EVIDENCE	2	13	5	229/256	251/256	2703/6400	580515/32905472	9139161/24195200	near	37885689/2147483648	[-0.94091223130009575414826398977510653062739495681 +/- 6.11e-49]	0	[-0.94091223130009575414826398977510653062739495681 +/- 6.11e-49]	[-0.94091223130009575414826398977510653062739495681 +/- 6.11e-49]	60023	0	0	max_cell_count	40.486229	
DIAGNOSTIC / NOT_EVIDENCE	3	13	5	231/256	251/256	2703/6400	585585/32905472	9218979/24195200	near	76433137/4294967296	[-1.0913036838314271706539876249086490212492318684 +/- 3.92e-47]	0	[-1.0913036838314271706539876249086490212492318684 +/- 3.92e-47]	[-1.0913036838314271706539876249086490212492318684 +/- 3.92e-47]	61373	0	0	max_cell_count	40.108465	
DIAGNOSTIC / NOT_EVIDENCE	4	13	5	233/256	251/256	2703/6400	590655/32905472	9298797/24195200	near	77094895/4294967296	[-1.2895524457893761291569437186156107158998835276 +/- 4.82e-47]	0	[-1.2895524457893761291569437186156107158998835276 +/- 4.82e-47]	[-1.2895524457893761291569437186156107158998835276 +/- 4.82e-47]	62915	0	0	max_cell_count	40.875279	
DIAGNOSTIC / NOT_EVIDENCE	5	13	5	235/256	251/256	2703/6400	595725/32905472	1875723/4839040	near	38878327/2147483648	[-1.2216019362933041670693131880025427128457330870 +/- 3.26e-47]	[33.728207425385889301431466094005588839482249317 +/- 1.52e-46]	[-34.949809361679193468500779282008131552327982404 +/- 1.90e-46]	[-34.949809361679193468500779282008131552327982404 +/- 1.90e-46]	37087	1024	0	max_cell_count	22.648525	
DIAGNOSTIC / NOT_EVIDENCE	6	13	5	237/256	251/256	2703/6400	600795/32905472	9458433/24195200	near	78418413/4294967296	[-1.2897910876584172432681571161832625684029102248 +/- 3.88e-47]	[33.728207425385889301431466094005588839482249317 +/- 1.52e-46]	[-35.017998513044306544699623210188851407885159542 +/- 1.68e-46]	[-35.017998513044306544699623210188851407885159542 +/- 8.03e-47]	37087	1024	0	max_cell_count	23.107629	
DIAGNOSTIC / NOT_EVIDENCE	7	13	5	239/256	251/256	2703/6400	605865/32905472	9538251/24195200	near	19770043/1073741824	[-1.3458744381853291721624246716589738557915224267 +/- 4.56e-47]	[33.728207425385889301431466094005588839482249317 +/- 1.52e-46]	[-35.074081863571218473593890765664562695273771744 +/- 1.80e-46]	[-35.074081863571218473593890765664562695273771744 +/- 9.19e-47]	37087	1024	0	max_cell_count	23.574322	
DIAGNOSTIC / NOT_EVIDENCE	8	13	5	241/256	251/256	2703/6400	610935/32905472	9618069/24195200	near	79741931/4294967296	[-1.3642377449035250067542049125489160081112789351 +/- 3.86e-47]	[33.728207425385889301431466094005588839482249317 +/- 1.52e-46]	[-35.092445170289414308185671006554504847593528252 +/- 2.92e-46]	[-35.092445170289414308185671006554504847593528252 +/- 3.36e-46]	37087	1024	0	max_cell_count	23.892753	
DIAGNOSTIC / NOT_EVIDENCE	9	13	5	243/256	251/256	2703/6400	616005/32905472	9697887/24195200	near	80403689/4294967296	[-1.2876418567830908171571566486401008649151778179 +/- 2.35e-47]	[33.728207425385889301431466094005588839482249317 +/- 1.52e-46]	[-35.015849282168980118588622742645689704397427135 +/- 5.71e-47]	[-35.015849282168980118588622742645689704397427135 +/- 5.71e-47]	37087	1024	0	max_cell_count	23.755537	
DIAGNOSTIC / NOT_EVIDENCE	10	13	5	245/256	251/256	2703/6400	621075/32905472	1955541/4839040	near	10133181/536870912	[-1.0764564273390399784595148216268933229577784435 +/- 1.55e-47]	[33.728207425385889301431466094005588839482249317 +/- 1.52e-46]	[-34.804663852724929279890980915632482162440027761 +/- 4.31e-46]	[-34.804663852724929279890980915632482162440027761 +/- 3.44e-46]	37087	1024	0	max_cell_count	23.264882	
DIAGNOSTIC / NOT_EVIDENCE	11	13	5	247/256	251/256	2703/6400	626145/32905472	9857523/24195200	near	81727207/4294967296	[-0.80657733599887436825445151976642082207191552161 +/- 3.69e-48]	[33.728207425385889301431466094005588839482249317 +/- 1.52e-46]	[-34.534784761384763669685917613772009661554164839 +/- 2.95e-46]	[-34.534784761384763669685917613772009661554164839 +/- 2.07e-46]	37087	1024	0	max_cell_count	24.451648	
DIAGNOSTIC / NOT_EVIDENCE	12	13	5	249/256	251/256	2703/6400	631215/32905472	9937341/24195200	near	41194483/2147483648	[-0.48789254390440625247312240105292771303826903474 +/- 4.85e-48]	[33.728207425385889301431466094005588839482249317 +/- 1.52e-46]	[-34.216099969290295553904588495058516552520518352 +/- 1.90e-46]	[-34.216099969290295553904588495058516552520518352 +/- 1.02e-46]	37087	1024	0	max_cell_count	23.646581	
DIAGNOSTIC / NOT_EVIDENCE	13	13	5	251/256	251/256	2703/6400	636285/32905472	10017159/24195200	near	20762681/1073741824	[-0.14148630983143389369066283468667082326459146568 +/- 4.28e-48]	[33.728207425385889301431466094005588839482249317 +/- 1.52e-46]	[-33.869693735217323195122128928692259662746840783 +/- 2.23e-46]	[-33.869693735217323195122128928692259662746840783 +/- 1.35e-46]	37087	1024	0	max_cell_count	23.854804	
DIAGNOSTIC / NOT_EVIDENCE	14	13	5	253/256	251/256	2703/6400	641355/32905472	10096977/24195200	near	83712483/4294967296	[0.18531641174599484132951436116247972447129824381 +/- 9.00e-49]	[33.728207425385889301431466094005588839482249317 +/- 1.52e-46]	[-33.542891013639894460101951732843109115010951073 +/- 3.53e-46]	[-33.542891013639894460101951732843109115010951073 +/- 3.97e-46]	37087	1024	0	max_cell_count	25.525865	
DIAGNOSTIC / NOT_EVIDENCE	15	13	5	255/256	251/256	2703/6400	38025/1935616	2035359/4839040	near	42187121/2147483648	[0.42025571878998662702992748862244073262185620255 +/- 1.41e-48]	[33.728207425385889301431466094005588839482249317 +/- 1.52e-46]	[-33.307951706595902674401538605383148106860393115 +/- 4.50e-46]	[-33.307951706595902674401538605383148106860393115 +/- 3.63e-46]	37087	1024	0	max_cell_count	25.467767	
DIAGNOSTIC / NOT_EVIDENCE	0	13	10	225/256	251/256	2833/6400	570375/32905472	6399747/16452736	near	18611965/1073741824	[-0.62991718094644848444371851636771404904237536597 +/- 2.60e-48]	0	[-0.62991718094644848444371851636771404904237536597 +/- 2.60e-48]	[-0.62991718094644848444371851636771404904237536597 +/- 2.60e-48]	58826	0	0	max_cell_count	40.021187	
DIAGNOSTIC / NOT_EVIDENCE	1	13	10	227/256	251/256	2833/6400	575445/32905472	161415841/411318400	near	75109619/4294967296	[-0.72411723945275746725118009367389106911557416208 +/- 1.72e-48]	0	[-0.72411723945275746725118009367389106911557416208 +/- 1.72e-48]	[-0.72411723945275746725118009367389106911557416208 +/- 1.72e-48]	58826	0	0	max_cell_count	38.463852	
DIAGNOSTIC / NOT_EVIDENCE	2	13	10	229/256	251/256	2833/6400	580515/32905472	162838007/411318400	near	37885689/2147483648	[-0.82919868748786778012967462243649684717112550435 +/- 1.84e-49]	0	[-0.82919868748786778012967462243649684717112550435 +/- 1.84e-49]	[-0.82919868748786778012967462243649684717112550435 +/- 1.84e-49]	60023	0	0	max_cell_count	39.038768	
DIAGNOSTIC / NOT_EVIDENCE	3	13	10	231/256	251/256	2833/6400	585585/32905472	164260173/411318400	near	76433137/4294967296	[-0.97393671829037178340618790723820196883124042588 +/- 3.80e-48]	0	[-0.97393671829037178340618790723820196883124042588 +/- 3.80e-48]	[-0.97393671829037178340618790723820196883124042588 +/- 3.80e-48]	60023	0	0	max_cell_count	39.716825	
DIAGNOSTIC / NOT_EVIDENCE	4	13	10	233/256	251/256	2833/6400	590655/32905472	165682339/411318400	near	77094895/4294967296	[-1.1544280439980065919825227589748179829759313872 +/- 2.63e-49]	0	[-1.1544280439980065919825227589748179829759313872 +/- 2.63e-49]	[-1.1544280439980065919825227589748179829759313872 +/- 2.63e-49]	61373	0	0	max_cell_count	40.012907	
DIAGNOSTIC / NOT_EVIDENCE	5	13	10	235/256	251/256	2833/6400	595725/32905472	33420901/82263680	near	38878327/2147483648	[-1.1659800655957597330654918940207095812543055350 +/- 2.91e-47]	[32.180495824503374084634399171230888327963473316 +/- 3.87e-47]	[-33.346475890099133817699891065251597909217778851 +/- 1.02e-46]	[-33.346475890099133817699891065251597909217778851 +/- 5.82e-47]	37087	1024	0	max_cell_count	22.729302	
DIAGNOSTIC / NOT_EVIDENCE	6	13	10	237/256	251/256	2833/6400	600795/32905472	168526671/411318400	near	78418413/4294967296	[-1.2403977031245647939172438773510443103314435452 +/- 3.95e-47]	[32.180495824503374084634399171230888327963473316 +/- 3.87e-47]	[-33.420893527627938878551643048581932638294916861 +/- 2.85e-46]	[-33.420893527627938878551643048581932638294916861 +/- 2.85e-46]	37087	1024	0	max_cell_count	22.755949	
DIAGNOSTIC / NOT_EVIDENCE	7	13	10	239/256	251/256	2833/6400	605865/32905472	169948837/411318400	near	19770043/1073741824	[-1.3092007417094400278716190902302256329955667833 +/- 1.32e-47]	[32.180495824503374084634399171230888327963473316 +/- 3.87e-47]	[-33.489696566212814112506018261461113960959040099 +/- 3.61e-46]	[-33.489696566212814112506018261461113960959040099 +/- 3.61e-46]	37087	1024	0	max_cell_count	22.809077	
DIAGNOSTIC / NOT_EVIDENCE	8	13	10	241/256	251/256	2833/6400	610935/32905472	171371003/411318400	near	79741931/4294967296	[-1.3495283646084801058481218422744591943963560395 +/- 1.87e-47]	[32.180495824503374084634399171230888327963473316 +/- 3.87e-47]	[-33.530024189111854190482521013505347522359829355 +/- 5.40e-46]	[-33.530024189111854190482521013505347522359829355 +/- 4.96e-46]	37087	1024	0	max_cell_count	23.653873	
DIAGNOSTIC / NOT_EVIDENCE	9	13	10	243/256	251/256	2833/6400	616005/32905472	172793169/411318400	near	80403689/4294967296	[-1.3183790612724234495513336521570225530092497373 +/- 2.03e-47]	[32.180495824503374084634399171230888327963473316 +/- 3.87e-47]	[-33.498874885775797534185732823387910880972723053 +/- 3.35e-46]	[-33.498874885775797534185732823387910880972723053 +/- 3.35e-46]	37087	1024	0	max_cell_count	22.525237	
DIAGNOSTIC / NOT_EVIDENCE	10	13	10	245/256	251/256	2833/6400	621075/32905472	34843067/82263680	near	10133181/536870912	[-1.1248943674235858533050642539382458455928414783 +/- 2.48e-47]	[32.180495824503374084634399171230888327963473316 +/- 3.87e-47]	[-33.305390191926959937939463425169134173556314794 +/- 3.36e-46]	[-33.305390191926959937939463425169134173556314794 +/- 3.36e-46]	37087	1024	0	max_cell_count	22.635486	
DIAGNOSTIC / NOT_EVIDENCE	11	13	10	247/256	251/256	2833/6400	626145/32905472	175637501/411318400	near	81727207/4294967296	[-0.84921928384784921291408204062310713176763047964 +/- 4.42e-48]	[32.180495824503374084634399171230888327963473316 +/- 3.87e-47]	[-33.029715108351223297548481211853995459731103796 +/- 3.80e-46]	[-33.029715108351223297548481211853995459731103796 +/- 3.37e-46]	37087	1024	0	max_cell_count	23.405585	
DIAGNOSTIC / NOT_EVIDENCE	12	13	10	249/256	251/256	2833/6400	631215/32905472	177059667/411318400	near	41194483/2147483648	[-0.51862112793468064549264805477364367369758727565 +/- 3.38e-48]	[32.180495824503374084634399171230888327963473316 +/- 3.87e-47]	[-32.699116952438054730127047226004532001661060592 +/- 3.89e-46]	[-32.699116952438054730127047226004532001661060592 +/- 3.02e-46]	37087	1024	0	max_cell_count	23.198932	
DIAGNOSTIC / NOT_EVIDENCE	13	13	10	251/256	251/256	2833/6400	636285/32905472	178481833/411318400	near	20762681/1073741824	[-0.15280191226901239909438913250555811307196750617 +/- 2.35e-49]	[32.180495824503374084634399171230888327963473316 +/- 3.87e-47]	[-32.333297736772386483728788303736446441035440822 +/- 2.42e-46]	[-32.333297736772386483728788303736446441035440822 +/- 2.42e-46]	37087	1024	0	max_cell_count	23.953763	
DIAGNOSTIC / NOT_EVIDENCE	14	13	10	253/256	251/256	2833/6400	641355/32905472	179903999/411318400	near	83712483/4294967296	[0.19890935805359606516378031879976944791346305033 +/- 1.11e-48]	[32.180495824503374084634399171230888327963473316 +/- 3.87e-47]	[-31.981586466449778019470618852431118880050010266 +/- 3.24e-46]	[-31.981586466449778019470618852431118880050010266 +/- 3.02e-46]	37087	1024	0	max_cell_count	23.781363	
DIAGNOSTIC / NOT_EVIDENCE	15	13	10	255/256	251/256	2833/6400	38025/1935616	2133249/4839040	near	42187121/2147483648	[0.45605562254273587157580512190566945196204325731 +/- 4.49e-48]	[32.180495824503374084634399171230888327963473316 +/- 3.87e-47]	[-31.724440201960638213058594049325218876001430059 +/- 2.92e-46]	[-31.724440201960638213058594049325218876001430059 +/- 2.70e-46]	37087	1024	0	max_cell_count	25.312531	
DIAGNOSTIC / NOT_EVIDENCE	0	13	15	225/256	251/256	2963/6400	570375/32905472	6693417/16452736	near	18611965/1073741824	[-0.54779560749614550973229220493184374447222218454 +/- 4.35e-48]	0	[-0.54779560749614550973229220493184374447222218454 +/- 4.35e-48]	[-0.54779560749614550973229220493184374447222218454 +/- 4.35e-48]	58826	0	0	max_cell_count	38.180927	
DIAGNOSTIC / NOT_EVIDENCE	1	13	15	227/256	251/256	2963/6400	575445/32905472	168822851/411318400	near	75109619/4294967296	[-0.63673221131855740241214346746097053636370820596 +/- 4.67e-48]	0	[-0.63673221131855740241214346746097053636370820596 +/- 4.67e-48]	[-0.63673221131855740241214346746097053636370820596 +/- 4.67e-48]	58826	0	0	max_cell_count	37.947796	
DIAGNOSTIC / NOT_EVIDENCE	2	13	15	229/256	251/256	2963/6400	580515/32905472	170310277/411318400	near	37885689/2147483648	[-0.73343006447995092391235945671450642101153922491 +/- 1.51e-48]	0	[-0.73343006447995092391235945671450642101153922491 +/- 1.51e-48]	[-0.73343006447995092391235945671450642101153922491 +/- 1.51e-48]	60023	0	0	max_cell_count	38.946843	
DIAGNOSTIC / NOT_EVIDENCE	3	13	15	231/256	251/256	2963/6400	585585/32905472	171797703/411318400	near	76433137/4294967296	[-0.86581365509193125438256471563891336776357186097 +/- 9.59e-49]	0	[-0.86581365509193125438256471563891336776357186097 +/- 9.59e-49]	[-0.86581365509193125438256471563891336776357186097 +/- 9.59e-49]	60023	0	0	max_cell_count	39.523629	
DIAGNOSTIC / NOT_EVIDENCE	4	13	15	233/256	251/256	2963/6400	590655/32905472	173285129/411318400	near	77094895/4294967296	[-1.0272570250665572660764542477564716160261097330 +/- 3.03e-47]	0	[-1.0272570250665572660764542477564716160261097330 +/- 3.03e-47]	[-1.0272570250665572660764542477564716160261097330 +/- 3.03e-47]	61373	0	0	max_cell_count	40.691519	
DIAGNOSTIC / NOT_EVIDENCE	5	13	15	235/256	251/256	2963/6400	595725/32905472	34954511/82263680	near	38878327/2147483648	[-1.2474769572819008186888262599499385642648374296 +/- 3.57e-48]	0	[-1.2474769572819008186888262599499385642648374296 +/- 3.57e-48]	[-1.2474769572819008186888262599499385642648374296 +/- 3.57e-48]	62915	0	0	max_cell_count	40.238226	
DIAGNOSTIC / NOT_EVIDENCE	6	13	15	237/256	251/256	2963/6400	600795/32905472	176259981/411318400	near	78418413/4294967296	[-1.1977573382226701510012628182500260171323217074 +/- 3.34e-47]	[30.768594218973357671876224384777963764131123829 +/- 3.46e-46]	[-31.966351557196027822877487203027989781263445536 +/- 2.70e-47]	[-31.966351557196027822877487203027989781263445536 +/- 4.89e-47]	37087	1024	0	max_cell_count	22.097618	
DIAGNOSTIC / NOT_EVIDENCE	7	13	15	239/256	251/256	2963/6400	605865/32905472	177747407/411318400	near	19770043/1073741824	[-1.2752805795392898756907542111870721370464494399 +/- 8.90e-49]	[30.768594218973357671876224384777963764131123829 +/- 3.46e-46]	[-32.043874798512647547566978595965035901177573269 +/- 5.09e-46]	[-32.043874798512647547566978595965035901177573269 +/- 4.22e-46]	37087	1024	0	max_cell_count	22.585902	
DIAGNOSTIC / NOT_EVIDENCE	8	13	15	241/256	251/256	2963/6400	610935/32905472	179234833/411318400	near	79741931/4294967296	[-1.3338416917719619911357088325284386676196231596 +/- 1.94e-47]	[30.768594218973357671876224384777963764131123829 +/- 3.46e-46]	[-32.102435910745319663011933217306402431750746988 +/- 2.86e-46]	[-32.102435910745319663011933217306402431750746988 +/- 3.29e-46]	37087	1024	0	max_cell_count	22.144439	
DIAGNOSTIC / NOT_EVIDENCE	9	13	15	243/256	251/256	2963/6400	616005/32905472	180722259/411318400	near	80403689/4294967296	[-1.3350903200377700435416940798972045436135838234 +/- 3.26e-47]	[30.768594218973357671876224384777963764131123829 +/- 3.46e-46]	[-32.103684539011127715417918464675168307744707652 +/- 9.02e-47]	[-32.103684539011127715417918464675168307744707652 +/- 1.34e-46]	37087	1024	0	max_cell_count	23.395389	
DIAGNOSTIC / NOT_EVIDENCE	10	13	15	245/256	251/256	2963/6400	621075/32905472	36441937/82263680	near	10133181/536870912	[-1.1824254789809016468452371209571590299703636810 +/- 4.82e-47]	[30.768594218973357671876224384777963764131123829 +/- 3.46e-46]	[-31.951019697954259318721461505735122794101487510 +/- 4.31e-46]	[-31.951019697954259318721461505735122794101487510 +/- 3.65e-46]	37087	1024	0	max_cell_count	22.907979	
DIAGNOSTIC / NOT_EVIDENCE	11	13	15	247/256	251/256	2963/6400	626145/32905472	183697111/411318400	near	81727207/4294967296	[-0.90277220363766999131907431117772224929572674134 +/- 4.01e-48]	[30.768594218973357671876224384777963764131123829 +/- 3.46e-46]	[-31.671366422611027663195298695955686013426850570 +/- 3.13e-47]	[-31.671366422611027663195298695955686013426850570 +/- 1.26e-47]	37087	1024	0	max_cell_count	22.706683	
DIAGNOSTIC / NOT_EVIDENCE	12	13	15	249/256	251/256	2963/6400	631215/32905472	185184537/411318400	near	41194483/2147483648	[-0.56012895061142536401344981477759090484384176248 +/- 2.56e-48]	[30.768594218973357671876224384777963764131123829 +/- 3.46e-46]	[-31.328723169584783035889674199555554668974965591 +/- 1.42e-46]	[-31.328723169584783035889674199555554668974965591 +/- 1.64e-46]	37087	1024	0	max_cell_count	23.545413	
DIAGNOSTIC / NOT_EVIDENCE	13	13	15	251/256	251/256	2963/6400	636285/32905472	186671963/411318400	near	20762681/1073741824	[-0.17551660653071185914970760372007151385871285580 +/- 1.77e-48]	[30.768594218973357671876224384777963764131123829 +/- 3.46e-46]	[-30.944110825504069531025931988498035277989836684 +/- 4.63e-46]	[-30.944110825504069531025931988498035277989836684 +/- 4.85e-46]	37087	1024	0	max_cell_count	23.033521	
DIAGNOSTIC / NOT_EVIDENCE	14	13	15	253/256	251/256	2963/6400	641355/32905472	188159389/411318400	near	83712483/4294967296	[0.20249786231538322168323389673493223215902853217 +/- 4.41e-48]	[30.768594218973357671876224384777963764131123829 +/- 3.46e-46]	[-30.566096356657974450192990488043031531972095296 +/- 4.99e-46]	[-30.566096356657974450192990488043031531972095296 +/- 4.99e-46]	37087	1024	0	max_cell_count	24.720124	
DIAGNOSTIC / NOT_EVIDENCE	15	13	15	255/256	251/256	2963/6400	38025/1935616	2231139/4839040	near	42187121/2147483648	[0.48345110306270902461638324134558171544048636768 +/- 1.74e-48]	[30.768594218973357671876224384777963764131123829 +/- 3.46e-46]	[-30.285143115910648647259841143432382048690637461 +/- 6.11e-47]	[-30.285143115910648647259841143432382048690637461 +/- 4.67e-48]	37087	1024	0	max_cell_count	23.869547	
DIAGNOSTIC / NOT_EVIDENCE	0	14	0	225/256	253/256	2573/6400	68715/6632704	5858721/16581760	near	22247991/2147483648	[0.44671107206771317387213021051195098868359304560 +/- 2.08e-48]	0	[0.44671107206771317387213021051195098868359304560 +/- 2.08e-48]	[0.44671107206771317387213021051195098868359304560 +/- 2.08e-48]	58826	0	0	accepted	38.526311	
DIAGNOSTIC / NOT_EVIDENCE	1	14	0	227/256	253/256	2573/6400	346629/33163520	147769963/414544000	near	22445751/2147483648	[0.39537595010652266781592561738428181128646089776 +/- 2.54e-48]	0	[0.39537595010652266781592561738428181128646089776 +/- 2.54e-48]	[0.39537595010652266781592561738428181128646089776 +/- 2.54e-48]	58826	0	0	accepted	39.842206	
DIAGNOSTIC / NOT_EVIDENCE	2	14	0	229/256	253/256	2573/6400	349683/33163520	149071901/414544000	near	22643511/2147483648	[0.33099016492404348067372756348194720571615069656 +/- 3.04e-48]	0	[0.33099016492404348067372756348194720571615069656 +/- 3.04e-48]	[0.33099016492404348067372756348194720571615069656 +/- 3.04e-48]	58826	0	0	accepted	40.516809	
DIAGNOSTIC / NOT_EVIDENCE	3	14	0	231/256	253/256	2573/6400	352737/33163520	150373839/414544000	near	22841271/2147483648	[0.24975997948417414257443180073819937595071602445 +/- 3.33e-48]	0	[0.24975997948417414257443180073819937595071602445 +/- 3.33e-48]	[0.24975997948417414257443180073819937595071602445 +/- 3.33e-48]	58826	0	0	accepted	38.842767	
DIAGNOSTIC / NOT_EVIDENCE	4	14	0	233/256	253/256	2573/6400	355791/33163520	151675777/414544000	near	23039031/2147483648	[0.14295647295832853987362935817929238851826649578 +/- 7.83e-49]	0	[0.14295647295832853987362935817929238851826649578 +/- 7.83e-49]	[0.14295647295832853987362935817929238851826649578 +/- 7.83e-49]	58826	0	0	accepted	39.035039	
DIAGNOSTIC / NOT_EVIDENCE	5	14	0	235/256	253/256	2573/6400	71769/6632704	30595543/82908800	near	23236791/2147483648	[0.0031717410546857556517929366659187150887131416792 +/- 3.55e-51]	0	[0.0031717410546857556517929366659187150887131416792 +/- 3.55e-51]	[0.0031717410546857556517929366659187150887131416792 +/- 3.55e-51]	60023	0	0	accepted	38.881294	
DIAGNOSTIC / NOT_EVIDENCE	6	14	0	237/256	253/256	2573/6400	361899/33163520	154279653/414544000	near	23434551/2147483648	[-0.21221711386578735915193441277994796790364669418 +/- 2.09e-48]	0	[-0.21221711386578735915193441277994796790364669418 +/- 2.09e-48]	[-0.21221711386578735915193441277994796790364669418 +/- 2.09e-48]	60023	0	0	max_cell_count	39.654883	
DIAGNOSTIC / NOT_EVIDENCE	7	14	0	239/256	253/256	2573/6400	364953/33163520	155581591/414544000	near	47264621/4294967296	[-0.53060245846948498923058822964081744784990306985 +/- 4.12e-48]	0	[-0.53060245846948498923058822964081744784990306985 +/- 4.12e-48]	[-0.53060245846948498923058822964081744784990306985 +/- 4.12e-48]	61373	0	0	max_cell_count	42.662841	
DIAGNOSTIC / NOT_EVIDENCE	8	14	0	241/256	253/256	2573/6400	368007/33163520	156883529/414544000	near	47660141/4294967296	[-1.0530731794874357060231209455221759841699784621 +/- 4.84e-47]	0	[-1.0530731794874357060231209455221759841699784621 +/- 4.84e-47]	[-1.0530731794874357060231209455221759841699784621 +/- 4.84e-47]	64679	0	0	max_cell_count	43.598583	
DIAGNOSTIC / NOT_EVIDENCE	9	14	0	243/256	253/256	2573/6400	371061/33163520	158185467/414544000	near	48055661/4294967296	[0.46512911269758828927559793227085570249019782893 +/- 2.13e-48]	[35.432314291029171699094151905206803977116408824 +/- 9.74e-47]	[-34.967185178331583409818553972935948274626210995 +/- 1.72e-46]	[-34.967185178331583409818553972935948274626210995 +/- 2.15e-46]	37087	1024	0	max_cell_count	24.569654	
DIAGNOSTIC / NOT_EVIDENCE	10	14	0	245/256	253/256	2573/6400	74823/6632704	31897481/82908800	near	48451181/4294967296	[0.56621779547902471391125412098415881045083410017 +/- 4.26e-48]	[35.432314291029171699094151905206803977116408824 +/- 9.74e-47]	[-34.866096495550146985182897784222645166665574724 +/- 1.55e-46]	[-34.866096495550146985182897784222645166665574724 +/- 2.33e-47]	37087	1024	0	max_cell_count	24.654207	
DIAGNOSTIC / NOT_EVIDENCE	11	14	0	247/256	253/256	2573/6400	29013/2551040	12368411/31888000	near	48846701/4294967296	[0.67850824493174268425876326879959862143667374120 +/- 1.79e-48]	[35.432314291029171699094151905206803977116408824 +/- 9.74e-47]	[-34.753806046097429014835388636407205355679735083 +/- 1.70e-46]	[-34.753806046097429014835388636407205355679735083 +/- 8.19e-47]	37087	1024	0	max_cell_count	23.773130	
DIAGNOSTIC / NOT_EVIDENCE	12	14	0	249/256	253/256	2573/6400	380223/33163520	162091281/414544000	near	49242221/4294967296	[0.80005462328038335030644807785620441074498416173 +/- 4.00e-48]	[35.432314291029171699094151905206803977116408824 +/- 9.74e-47]	[-34.632259667748788348787703827350599566371424662 +/- 3.66e-46]	[-34.632259667748788348787703827350599566371424662 +/- 4.10e-46]	37087	1024	0	max_cell_count	23.953342	
DIAGNOSTIC / NOT_EVIDENCE	13	14	0	251/256	253/256	2573/6400	383277/33163520	163393219/414544000	near	12409435/1073741824	[0.91575849023226995109815560685033189668995306534 +/- 4.39e-48]	[35.432314291029171699094151905206803977116408824 +/- 9.74e-47]	[-34.516555800796901747995996298356472080426455759 +/- 3.17e-46]	[-34.516555800796901747995996298356472080426455759 +/- 2.30e-46]	37087	1024	0	max_cell_count	25.123137	
DIAGNOSTIC / NOT_EVIDENCE	14	14	0	253/256	253/256	2573/6400	386331/33163520	164695157/414544000	near	12508315/1073741824	[1.0120381726102092795000831960890192913567371498 +/- 1.25e-47]	[35.432314291029171699094151905206803977116408824 +/- 9.74e-47]	[-34.420276118418962419594068709117784685759671674 +/- 3.53e-46]	[-34.420276118418962419594068709117784685759671674 +/- 3.53e-46]	37087	1024	0	max_cell_count	25.863027	
DIAGNOSTIC / NOT_EVIDENCE	15	14	0	255/256	253/256	2573/6400	77877/6632704	33199419/82908800	near	12607195/1073741824	[1.0857207190785578962585326884316102228025249579 +/- 1.94e-48]	[35.432314291029171699094151905206803977116408824 +/- 9.74e-47]	[-34.346593571950613802835619216775193754313883866 +/- 2.05e-46]	[-34.346593571950613802835619216775193754313883866 +/- 2.49e-46]	37087	1024	0	max_cell_count	24.986295	
DIAGNOSTIC / NOT_EVIDENCE	0	14	5	225/256	253/256	2703/6400	68715/6632704	6154731/16581760	near	22247991/2147483648	[0.0061167076221253309097531466125099007291459885905 +/- 2.24e-50]	0	[0.0061167076221253309097531466125099007291459885905 +/- 2.24e-50]	[0.0061167076221253309097531466125099007291459885905 +/- 2.24e-50]	33614	0	0	accepted	21.553878	
DIAGNOSTIC / NOT_EVIDENCE	1	14	5	227/256	253/256	2703/6400	346629/33163520	155235993/414544000	near	22445751/2147483648	[0.49804724745717780688969100604619504895885955225 +/- 2.10e-48]	0	[0.49804724745717780688969100604619504895885955225 +/- 2.10e-48]	[0.49804724745717780688969100604619504895885955225 +/- 2.10e-48]	58826	0	0	accepted	37.428174	
DIAGNOSTIC / NOT_EVIDENCE	2	14	5	229/256	253/256	2703/6400	349683/33163520	156603711/414544000	near	22643511/2147483648	[0.43967817072214968108201746860492774700846100053 +/- 2.39e-48]	0	[0.43967817072214968108201746860492774700846100053 +/- 2.39e-48]	[0.43967817072214968108201746860492774700846100053 +/- 2.39e-48]	58826	0	0	accepted	38.154608	
DIAGNOSTIC / NOT_EVIDENCE	3	14	5	231/256	253/256	2703/6400	352737/33163520	157971429/414544000	near	22841271/2147483648	[0.36519667545489941218399588379912072614756933546 +/- 4.87e-48]	0	[0.36519667545489941218399588379912072614756933546 +/- 4.87e-48]	[0.36519667545489941218399588379912072614756933546 +/- 4.87e-48]	58826	0	0	accepted	39.158524	
DIAGNOSTIC / NOT_EVIDENCE	4	14	5	233/256	253/256	2703/6400	355791/33163520	159339147/414544000	near	23039031/2147483648	[0.26964562506729207739624752868945760871859869686 +/- 2.62e-48]	0	[0.26964562506729207739624752868945760871859869686 +/- 2.62e-48]	[0.26964562506729207739624752868945760871859869686 +/- 2.62e-48]	58826	0	0	accepted	38.934109	
DIAGNOSTIC / NOT_EVIDENCE	5	14	5	235/256	253/256	2703/6400	71769/6632704	32141373/82908800	near	23236791/2147483648	[0.14794921732177330541907800142004896844230363786 +/- 4.18e-48]	0	[0.14794921732177330541907800142004896844230363786 +/- 4.18e-48]	[0.14794921732177330541907800142004896844230363786 +/- 4.18e-48]	60023	0	0	accepted	38.260527	
DIAGNOSTIC / NOT_EVIDENCE	6	14	5	237/256	253/256	2703/6400	361899/33163520	162074583/414544000	near	23434551/2147483648	[-0.043489297109703001134994787596951047592392429390 +/- 3.95e-49]	0	[-0.043489297109703001134994787596951047592392429390 +/- 3.95e-49]	[-0.043489297109703001134994787596951047592392429390 +/- 3.95e-49]	60023	0	0	max_cell_count	39.128316	
DIAGNOSTIC / NOT_EVIDENCE	7	14	5	239/256	253/256	2703/6400	364953/33163520	163442301/414544000	near	47264621/4294967296	[-0.31715535550901993552698962798353539248036513641 +/- 3.44e-48]	0	[-0.31715535550901993552698962798353539248036513641 +/- 3.44e-48]	[-0.31715535550901993552698962798353539248036513641 +/- 3.44e-48]	61373	0	0	max_cell_count	41.461539	
DIAGNOSTIC / NOT_EVIDENCE	8	14	5	241/256	253/256	2703/6400	368007/33163520	164810019/414544000	near	47660141/4294967296	[-0.77402737417445321356034794331569050642737237137 +/- 3.35e-48]	0	[-0.77402737417445321356034794331569050642737237137 +/- 3.35e-48]	[-0.77402737417445321356034794331569050642737237137 +/- 3.35e-48]	62915	0	0	max_cell_count	42.966177	
DIAGNOSTIC / NOT_EVIDENCE	9	14	5	243/256	253/256	2703/6400	371061/33163520	166177737/414544000	near	48055661/4294967296	[0.49384493218384524117172975771663825790065733367 +/- 4.02e-48]	[33.728207425385889301431466094005588839482249317 +/- 1.52e-46]	[-33.234362493202044060259736336288950581581591983 +/- 5.24e-46]	[-33.234362493202044060259736336288950581581591984 +/- 4.77e-46]	37087	1024	0	max_cell_count	24.139782	
DIAGNOSTIC / NOT_EVIDENCE	10	14	5	245/256	253/256	2703/6400	74823/6632704	33509091/82908800	near	48451181/4294967296	[0.59624404686693928104892644293097505543325745759 +/- 2.89e-48]	[33.728207425385889301431466094005588839482249317 +/- 1.52e-46]	[-33.131963378518950020382539651074613784048991860 +/- 4.89e-46]	[-33.131963378518950020382539651074613784048991860 +/- 4.02e-46]	37087	1024	0	max_cell_count	23.119310	
DIAGNOSTIC / NOT_EVIDENCE	11	14	5	247/256	253/256	2703/6400	29013/2551040	12993321/31888000	near	48846701/4294967296	[0.71240313993257248957509545401824277204410483530 +/- 8.85e-49]	[33.728207425385889301431466094005588839482249317 +/- 1.52e-46]	[-33.015804285453316811856370639987346067438144482 +/- 2.25e-46]	[-33.015804285453316811856370639987346067438144482 +/- 9.27e-47]	37087	1024	0	max_cell_count	23.316243	
DIAGNOSTIC / NOT_EVIDENCE	12	14	5	249/256	253/256	2703/6400	380223/33163520	170280891/414544000	near	49242221/4294967296	[0.83845123170078565059910388904185465727864861445 +/- 2.23e-48]	[33.728207425385889301431466094005588839482249317 +/- 1.52e-46]	[-32.889756193685103650832362204963734182203600703 +/- 3.78e-46]	[-32.889756193685103650832362204963734182203600703 +/- 2.47e-46]	37087	1024	0	max_cell_count	24.066205	
DIAGNOSTIC / NOT_EVIDENCE	13	14	5	251/256	253/256	2703/6400	383277/33163520	171648609/414544000	near	12409435/1073741824	[0.96207077089264812263053554225767192227741151835 +/- 1.23e-48]	[33.728207425385889301431466094005588839482249317 +/- 1.52e-46]	[-32.766136654493241178800930551747916917204837799 +/- 2.62e-46]	[-32.766136654493241178800930551747916917204837799 +/- 1.75e-46]	37087	1024	0	max_cell_count	23.942284	
DIAGNOSTIC / NOT_EVIDENCE	14	14	5	253/256	253/256	2703/6400	386331/33163520	173016327/414544000	near	12508315/1073741824	[1.0679622980442725396465161711999684684546569523 +/- 3.07e-47]	[33.728207425385889301431466094005588839482249317 +/- 1.52e-46]	[-32.660245127341616761784949922805620371027592365 +/- 1.79e-46]	[-32.660245127341616761784949922805620371027592365 +/- 1.36e-46]	37087	1024	0	max_cell_count	24.751416	
DIAGNOSTIC / NOT_EVIDENCE	15	14	5	255/256	253/256	2703/6400	77877/6632704	34876809/82908800	near	12607195/1073741824	[1.1449132582461397457416069057037526029273896031 +/- 3.74e-47]	[33.728207425385889301431466094005588839482249317 +/- 1.52e-46]	[-32.583294167139749555689859188301836236554859714 +/- 1.10e-46]	[-32.583294167139749555689859188301836236554859714 +/- 1.10e-46]	37087	1024	0	max_cell_count	25.774126	
DIAGNOSTIC / NOT_EVIDENCE	0	14	10	225/256	253/256	2833/6400	68715/6632704	6450741/16581760	near	22247991/2147483648	[0.11707174697325474635118499104278784018465886020 +/- 2.85e-48]	0	[0.11707174697325474635118499104278784018465886020 +/- 2.85e-48]	[0.11707174697325474635118499104278784018465886020 +/- 2.85e-48]	33614	0	0	accepted	21.973097	
DIAGNOSTIC / NOT_EVIDENCE	1	14	10	227/256	253/256	2833/6400	346629/33163520	162702023/414544000	near	22445751/2147483648	[0.025009090086615841932962091203241661019736041908 +/- 1.83e-49]	0	[0.025009090086615841932962091203241661019736041908 +/- 1.83e-49]	[0.025009090086615841932962091203241661019736041908 +/- 1.83e-49]	33614	0	0	accepted	20.902234	
DIAGNOSTIC / NOT_EVIDENCE	2	14	10	229/256	253/256	2833/6400	349683/33163520	164135521/414544000	near	22643511/2147483648	[0.53367006734284511605868625810067510402183814598 +/- 3.31e-48]	0	[0.53367006734284511605868625810067510402183814598 +/- 3.31e-48]	[0.53367006734284511605868625810067510402183814598 +/- 3.31e-48]	58826	0	0	accepted	36.715545	
DIAGNOSTIC / NOT_EVIDENCE	3	14	10	231/256	253/256	2833/6400	352737/33163520	165569019/414544000	near	22841271/2147483648	[0.46544558600693528942295128959087462228949097843 +/- 4.03e-49]	0	[0.46544558600693528942295128959087462228949097843 +/- 4.03e-49]	[0.46544558600693528942295128959087462228949097843 +/- 4.03e-49]	58826	0	0	accepted	38.741670	
DIAGNOSTIC / NOT_EVIDENCE	4	14	10	233/256	253/256	2833/6400	355791/33163520	167002517/414544000	near	23039031/2147483648	[0.37742217700149133852976085043364726674555159838 +/- 1.04e-48]	0	[0.37742217700149133852976085043364726674555159838 +/- 1.04e-48]	[0.37742217700149133852976085043364726674555159838 +/- 1.04e-48]	58826	0	0	accepted	36.489694	
DIAGNOSTIC / NOT_EVIDENCE	5	14	10	235/256	253/256	2833/6400	71769/6632704	33687203/82908800	near	23236791/2147483648	[0.26052163638407236980444744934208444467957517587 +/- 2.26e-48]	0	[0.26052163638407236980444744934208444467957517587 +/- 2.26e-48]	[0.26052163638407236980444744934208444467957517587 +/- 2.26e-48]	58826	0	0	accepted	38.500508	
DIAGNOSTIC / NOT_EVIDENCE	6	14	10	237/256	253/256	2833/6400	361899/33163520	169869513/414544000	near	23434551/2147483648	[0.10152067553077084294169999185435517406587367931 +/- 3.48e-48]	0	[0.10152067553077084294169999185435517406587367931 +/- 3.48e-48]	[0.10152067553077084294169999185435517406587367931 +/- 3.48e-48]	60023	0	0	accepted	39.526864	
DIAGNOSTIC / NOT_EVIDENCE	7	14	10	239/256	253/256	2833/6400	364953/33163520	171303011/414544000	near	47264621/4294967296	[-0.15005798770264921291532888106834881608209202749 +/- 4.26e-48]	0	[-0.15005798770264921291532888106834881608209202749 +/- 4.26e-48]	[-0.15005798770264921291532888106834881608209202749 +/- 4.26e-48]	60023	0	0	max_cell_count	38.400501	
DIAGNOSTIC / NOT_EVIDENCE	8	14	10	241/256	253/256	2833/6400	368007/33163520	172736509/414544000	near	47660141/4294967296	[-0.54406017264510128855114178168770792080555302463 +/- 1.94e-48]	0	[-0.54406017264510128855114178168770792080555302463 +/- 1.94e-48]	[-0.54406017264510128855114178168770792080555302463 +/- 1.94e-48]	61373	0	0	max_cell_count	39.369730	
DIAGNOSTIC / NOT_EVIDENCE	9	14	10	243/256	253/256	2833/6400	371061/33163520	174170007/414544000	near	48055661/4294967296	[0.51313029502100026972605106478981841757960759930 +/- 2.06e-49]	[32.180495824503374084634399171230888327963473316 +/- 3.87e-47]	[-31.667365529482373814908348106441069910383865717 +/- 2.87e-46]	[-31.667365529482373814908348106441069910383865717 +/- 2.65e-46]	37087	1024	0	max_cell_count	23.630082	
DIAGNOSTIC / NOT_EVIDENCE	10	14	10	245/256	253/256	2833/6400	74823/6632704	35120701/82908800	near	48451181/4294967296	[0.61680334789517644931102918608504126118149880212 +/- 2.27e-48]	[32.180495824503374084634399171230888327963473316 +/- 3.87e-47]	[-31.563692476608197635323369985145847066781974514 +/- 1.14e-46]	[-31.563692476608197635323369985145847066781974514 +/- 6.96e-47]	37087	1024	0	max_cell_count	22.690138	
DIAGNOSTIC / NOT_EVIDENCE	11	14	10	247/256	253/256	2833/6400	29013/2551040	13618231/31888000	near	48846701/4294967296	[0.73689903243698597180193972596372949852800012602 +/- 2.08e-48]	[32.180495824503374084634399171230888327963473316 +/- 3.87e-47]	[-31.443596792066388112832459445267158829435473190 +/- 2.59e-47]	[-31.443596792066388112832459445267158829435473190 +/- 3.98e-48]	37087	1024	0	max_cell_count	23.941390	
DIAGNOSTIC / NOT_EVIDENCE	12	14	10	249/256	253/256	2833/6400	380223/33163520	178470501/414544000	near	49242221/4294967296	[0.86716794783273098534126274440505857244297223336 +/- 1.53e-48]	[32.180495824503374084634399171230888327963473316 +/- 3.87e-47]	[-31.313327876670643099293136426825829755520501083 +/- 3.62e-46]	[-31.313327876670643099293136426825829755520501083 +/- 3.40e-46]	37087	1024	0	max_cell_count	23.183210	
DIAGNOSTIC / NOT_EVIDENCE	13	14	10	251/256	253/256	2833/6400	383277/33163520	179903999/414544000	near	12409435/1073741824	[0.99989701168081104654189681859133681002389850402 +/- 2.32e-48]	[32.180495824503374084634399171230888327963473316 +/- 3.87e-47]	[-31.180598812822563038092502352639551517939574812 +/- 3.81e-47]	[-31.180598812822563038092502352639551517939574812 +/- 1.62e-47]	37087	1024	0	max_cell_count	24.638129	
DIAGNOSTIC / NOT_EVIDENCE	14	14	10	253/256	253/256	2833/6400	386331/33163520	181337497/414544000	near	12508315/1073741824	[1.1130062942829439175955440474062577291542775576 +/- 5.76e-49]	[32.180495824503374084634399171230888327963473316 +/- 3.87e-47]	[-31.067489530220430167038855123824630598809195758 +/- 4.60e-46]	[-31.067489530220430167038855123824630598809195758 +/- 4.38e-46]	37087	1024	0	max_cell_count	23.722553	
DIAGNOSTIC / NOT_EVIDENCE	15	14	10	255/256	253/256	2833/6400	77877/6632704	36554199/82908800	near	12607195/1073741824	[1.1952733155952125964694541406525669309416014038 +/- 4.36e-47]	[32.180495824503374084634399171230888327963473316 +/- 3.87e-47]	[-30.985222508908161488164945030578321397021871912 +/- 2.15e-46]	[-30.985222508908161488164945030578321397021871912 +/- 1.93e-46]	37087	1024	0	max_cell_count	24.708247	
DIAGNOSTIC / NOT_EVIDENCE	0	14	15	225/256	253/256	2963/6400	68715/6632704	6746751/16581760	near	22247991/2147483648	[0.21265386187597354835210761590927056797160663055 +/- 3.52e-48]	0	[0.21265386187597354835210761590927056797160663055 +/- 3.52e-48]	[0.21265386187597354835210761590927056797160663055 +/- 3.52e-48]	33614	0	0	accepted	20.654538	
DIAGNOSTIC / NOT_EVIDENCE	1	14	15	227/256	253/256	2963/6400	346629/33163520	170168053/414544000	near	22445751/2147483648	[0.12913868281586001124894653264700384548639649131 +/- 2.55e-48]	0	[0.12913868281586001124894653264700384548639649131 +/- 2.55e-48]	[0.12913868281586001124894653264700384548639649131 +/- 2.55e-48]	33614	0	0	accepted	21.711755	
DIAGNOSTIC / NOT_EVIDENCE	2	14	15	229/256	253/256	2963/6400	349683/33163520	171667331/414544000	near	22643511/2147483648	[0.020844026856486318434628843076248478512500836691 +/- 6.13e-50]	0	[0.020844026856486318434628843076248478512500836691 +/- 6.13e-50]	[0.020844026856486318434628843076248478512500836691 +/- 6.13e-50]	33614	0	0	accepted	21.582178	
DIAGNOSTIC / NOT_EVIDENCE	3	14	15	231/256	253/256	2963/6400	352737/33163520	173166609/414544000	near	22841271/2147483648	[0.55134741038567310045767527791937935256234546469 +/- 8.39e-49]	0	[0.55134741038567310045767527791937935256234546469 +/- 8.39e-49]	[0.55134741038567310045767527791937935256234546469 +/- 8.39e-49]	58826	0	0	accepted	37.676615	
DIAGNOSTIC / NOT_EVIDENCE	4	14	15	233/256	253/256	2963/6400	355791/33163520	174665887/414544000	near	23039031/2147483648	[0.46999084902434621119602754084343562333055274571 +/- 4.11e-48]	0	[0.46999084902434621119602754084343562333055274571 +/- 4.11e-48]	[0.46999084902434621119602754084343562333055274571 +/- 4.11e-48]	58826	0	0	accepted	35.922222	
DIAGNOSTIC / NOT_EVIDENCE	5	14	15	235/256	253/256	2963/6400	71769/6632704	35233033/82908800	near	23236791/2147483648	[0.36384874573870697822752926115685904576513441064 +/- 3.91e-48]	0	[0.36384874573870697822752926115685904576513441064 +/- 3.91e-48]	[0.36384874573870697822752926115685904576513441064 +/- 3.91e-48]	58826	0	0	accepted	35.836023	
DIAGNOSTIC / NOT_EVIDENCE	6	14	15	237/256	253/256	2963/6400	361899/33163520	177664443/414544000	near	23434551/2147483648	[0.22410696866375550479836614767948771901750013870 +/- 8.43e-49]	0	[0.22410696866375550479836614767948771901750013870 +/- 8.43e-49]	[0.22410696866375550479836614767948771901750013870 +/- 8.43e-49]	60023	0	0	accepted	36.872389	
DIAGNOSTIC / NOT_EVIDENCE	7	14	15	239/256	253/256	2963/6400	364953/33163520	179163721/414544000	near	47264621/4294967296	[-0.0015805070914856502101796289592680718900925508987 +/- 4.56e-50]	0	[-0.0015805070914856502101796289592680718900925508987 +/- 4.56e-50]	[-0.0015805070914856502101796289592680718900925508987 +/- 4.56e-50]	60023	0	0	max_cell_count	37.678886	
DIAGNOSTIC / NOT_EVIDENCE	8	14	15	241/256	253/256	2963/6400	368007/33163520	180662999/414544000	near	47660141/4294967296	[-0.34414615621552306225332503150797985237239859730 +/- 2.83e-49]	0	[-0.34414615621552306225332503150797985237239859730 +/- 2.83e-49]	[-0.34414615621552306225332503150797985237239859730 +/- 2.83e-49]	61373	0	0	max_cell_count	40.474837	
DIAGNOSTIC / NOT_EVIDENCE	9	14	15	243/256	253/256	2963/6400	371061/33163520	182162277/414544000	near	48055661/4294967296	[-0.94559376977950335126344429202645957732120961176 +/- 4.72e-48]	0	[-0.94559376977950335126344429202645957732120961176 +/- 4.72e-48]	[-0.94559376977950335126344429202645957732120961176 +/- 4.72e-48]	64679	0	0	max_cell_count	40.469157	
DIAGNOSTIC / NOT_EVIDENCE	10	14	15	245/256	253/256	2963/6400	74823/6632704	36732311/82908800	near	48451181/4294967296	[0.62643188919816071488147948253557599385038939346 +/- 8.84e-49]	[30.768594218973357671876224384777963764131123829 +/- 3.46e-46]	[-30.142162329775196956994744902242387770280734435 +/- 2.00e-46]	[-30.142162329775196956994744902242387770280734435 +/- 2.22e-46]	37087	1024	0	max_cell_count	22.253393	
DIAGNOSTIC / NOT_EVIDENCE	11	14	15	247/256	253/256	2963/6400	29013/2551040	14243141/31888000	near	48846701/4294967296	[0.75002630515527393581667027426551649196866978889 +/- 2.11e-48]	[30.768594218973357671876224384777963764131123829 +/- 3.46e-46]	[-30.018567913818083736059554110512447272162454040 +/- 2.77e-46]	[-30.018567913818083736059554110512447272162454040 +/- 2.11e-46]	37087	1024	0	max_cell_count	23.561636	
DIAGNOSTIC / NOT_EVIDENCE	12	14	15	249/256	253/256	2963/6400	380223/33163520	186660111/414544000	near	49242221/4294967296	[0.88532029705737465297539615635694573512296556175 +/- 3.08e-48]	[30.768594218973357671876224384777963764131123829 +/- 3.46e-46]	[-29.883273921915983018900828228421018029008158267 +/- 1.30e-46]	[-29.883273921915983018900828228421018029008158267 +/- 8.60e-47]	37087	1024	0	max_cell_count	23.708373	
DIAGNOSTIC / NOT_EVIDENCE	13	14	15	251/256	253/256	2963/6400	383277/33163520	188159389/414544000	near	12409435/1073741824	[1.0260004302786822621387642885096800993933602987 +/- 4.73e-47]	[30.768594218973357671876224384777963764131123829 +/- 3.46e-46]	[-29.742593788694675409737460096268283664737763530 +/- 1.26e-46]	[-29.742593788694675409737460096268283664737763530 +/- 8.15e-47]	37087	1024	0	max_cell_count	22.885025	
DIAGNOSTIC / NOT_EVIDENCE	14	14	15	253/256	253/256	2963/6400	386331/33163520	189658667/414544000	near	12508315/1073741824	[1.1473157800039988479476401506445748013548592105 +/- 3.19e-48]	[30.768594218973357671876224384777963764131123829 +/- 3.46e-46]	[-29.621278438969358823928584234133388962776264618 +/- 1.71e-46]	[-29.621278438969358823928584234133388962776264618 +/- 1.71e-46]	37087	1024	0	max_cell_count	23.262902	
DIAGNOSTIC / NOT_EVIDENCE	15	14	15	255/256	253/256	2963/6400	77877/6632704	38231589/82908800	near	12607195/1073741824	[1.2351983930739185861550697375457838320000384293 +/- 2.56e-47]	[30.768594218973357671876224384777963764131123829 +/- 3.46e-46]	[-29.533395825899439085721154647232179932131085399 +/- 3.93e-46]	[-29.533395825899439085721154647232179932131085399 +/- 3.93e-46]	37087	1024	0	max_cell_count	23.482938	
DIAGNOSTIC / NOT_EVIDENCE	0	15	0	225/256	255/256	2573/6400	114975/33423616	5905035/16711808	near	115425/33554432	[1.0305029949851915382495197605016741245498330690 +/- 4.31e-47]	0	[1.0305029949851915382495197605016741245498330690 +/- 4.31e-47]	[1.0305029949851915382495197605016741245498330690 +/- 4.31e-47]	33614	0	0	accepted	22.229080	
DIAGNOSTIC / NOT_EVIDENCE	1	15	0	227/256	255/256	2573/6400	115997/33423616	29787621/83559040	near	116451/33554432	[0.96655133241681989597329666368536115775926106882 +/- 4.02e-48]	0	[0.96655133241681989597329666368536115775926106882 +/- 4.02e-48]	[0.96655133241681989597329666368536115775926106882 +/- 4.02e-48]	33614	0	0	accepted	22.421842	
DIAGNOSTIC / NOT_EVIDENCE	2	15	0	229/256	255/256	2573/6400	117019/33423616	30050067/83559040	near	117477/33554432	[0.87602929950074463383365049091532788177430995335 +/- 3.75e-48]	0	[0.87602929950074463383365049091532788177430995335 +/- 3.75e-48]	[0.87602929950074463383365049091532788177430995335 +/- 3.75e-48]	33614	0	0	accepted	21.819206	
DIAGNOSTIC / NOT_EVIDENCE	3	15	0	231/256	255/256	2573/6400	118041/33423616	30312513/83559040	near	118503/33554432	[0.74816555745513946275208477305337320379770521792 +/- 2.08e-48]	0	[0.74816555745513946275208477305337320379770521792 +/- 2.08e-48]	[0.74816555745513946275208477305337320379770521792 +/- 2.08e-48]	33614	0	0	accepted	21.400996	
DIAGNOSTIC / NOT_EVIDENCE	4	15	0	233/256	255/256	2573/6400	119063/33423616	30574959/83559040	near	119529/33554432	[0.56407701809316655447848073282882424097206231705 +/- 1.85e-48]	0	[0.56407701809316655447848073282882424097206231705 +/- 1.85e-48]	[0.56407701809316655447848073282882424097206231705 +/- 1.85e-48]	33614	0	0	accepted	22.141547	
DIAGNOSTIC / NOT_EVIDENCE	5	15	0	235/256	255/256	2573/6400	120085/33423616	6167481/16711808	near	120555/33554432	[0.28799839051930330027065788490712173176123972263 +/- 2.61e-48]	0	[0.28799839051930330027065788490712173176123972263 +/- 2.61e-48]	[0.28799839051930330027065788490712173176123972263 +/- 2.61e-48]	33614	0	0	accepted	22.342775	
DIAGNOSTIC / NOT_EVIDENCE	6	15	0	237/256	255/256	2573/6400	121107/33423616	31099851/83559040	near	121581/33554432	[1.2057360097267433919822210377583274286654002478 +/- 4.69e-47]	0	[1.2057360097267433919822210377583274286654002478 +/- 4.69e-47]	[1.2057360097267433919822210377583274286654002478 +/- 4.69e-47]	58826	0	0	accepted	38.089830	
DIAGNOSTIC / NOT_EVIDENCE	7	15	0	239/256	255/256	2573/6400	122129/33423616	31362297/83559040	near	122607/33554432	[1.0471447105576103685648453913989386646686296693 +/- 3.35e-47]	0	[1.0471447105576103685648453913989386646686296693 +/- 3.35e-47]	[1.0471447105576103685648453913989386646686296693 +/- 3.35e-47]	58826	0	0	accepted	38.033163	
DIAGNOSTIC / NOT_EVIDENCE	8	15	0	241/256	255/256	2573/6400	123151/33423616	31624743/83559040	near	123633/33554432	[0.78250465741014933395291499642821897784080866958 +/- 4.48e-48]	0	[0.78250465741014933395291499642821897784080866958 +/- 4.48e-48]	[0.78250465741014933395291499642821897784080866958 +/- 4.48e-48]	58826	0	0	accepted	38.308342	
DIAGNOSTIC / NOT_EVIDENCE	9	15	0	243/256	255/256	2573/6400	124173/33423616	31887189/83559040	near	124659/33554432	[0.27612810818391752930599732578967934630693257515 +/- 4.19e-48]	0	[0.27612810818391752930599732578967934630693257515 +/- 4.19e-48]	[0.27612810818391752930599732578967934630693257515 +/- 4.19e-48]	58826	0	0	accepted	40.324746	
DIAGNOSTIC / NOT_EVIDENCE	10	15	0	245/256	255/256	2573/6400	125195/33423616	6429927/16711808	near	125685/33554432	[-0.77970079554304508670548938454168558258931312173 +/- 1.41e-48]	0	[-0.77970079554304508670548938454168558258931312173 +/- 1.41e-48]	[-0.77970079554304508670548938454168558258931312173 +/- 1.41e-48]	60023	0	0	max_cell_count	40.551401	
DIAGNOSTIC / NOT_EVIDENCE	11	15	0	247/256	255/256	2573/6400	126217/33423616	32412081/83559040	near	126711/33554432	[-3.2910688664232265805659897458369987309896618257 +/- 7.36e-48]	0	[-3.2910688664232265805659897458369987309896618257 +/- 7.36e-48]	[-3.2910688664232265805659897458369987309896618257 +/- 7.36e-48]	60023	0	0	max_cell_count	42.919216	
DIAGNOSTIC / NOT_EVIDENCE	12	15	0	249/256	255/256	2573/6400	127239/33423616	32674527/83559040	near	127737/33554432	[-10.338795480342076473494672311025771958199115799 +/- 1.17e-46]	0	[-10.338795480342076473494672311025771958199115799 +/- 1.17e-46]	[-10.338795480342076473494672311025771958199115799 +/- 1.17e-46]	61373	0	0	max_cell_count	43.639183	
DIAGNOSTIC / NOT_EVIDENCE	13	15	0	251/256	255/256	2573/6400	128261/33423616	32936973/83559040	near	128763/33554432	[1.6537875058678091427107662659982417912038880597 +/- 1.87e-47]	[35.432314291029171699094151905206803977116408824 +/- 9.74e-47]	[-33.778526785161362556383385639208562185912520764 +/- 3.92e-46]	[-33.778526785161362556383385639208562185912520764 +/- 4.35e-46]	37087	1024	0	max_cell_count	24.360919	
DIAGNOSTIC / NOT_EVIDENCE	14	15	0	253/256	255/256	2573/6400	129283/33423616	33199419/83559040	near	129789/33554432	[1.6906163638613063771511429831902950982839429934 +/- 2.83e-47]	[35.432314291029171699094151905206803977116408824 +/- 9.74e-47]	[-33.741697927167865321943008922016508878832465831 +/- 3.60e-46]	[-33.741697927167865321943008922016508878832465831 +/- 2.28e-46]	37087	1024	0	max_cell_count	24.588269	
DIAGNOSTIC / NOT_EVIDENCE	15	15	0	255/256	255/256	2573/6400	130305/33423616	6692373/16711808	near	130815/33554432	[1.7166112316619571231346873348760061624397668835 +/- 1.08e-47]	[35.432314291029171699094151905206803977116408824 +/- 9.74e-47]	[-33.715703059367214575959464570330797814676641941 +/- 4.99e-46]	[-33.715703059367214575959464570330797814676641941 +/- 3.67e-46]	37087	1024	0	max_cell_count	25.980527	
DIAGNOSTIC / NOT_EVIDENCE	0	15	5	225/256	255/256	2703/6400	114975/33423616	6203385/16711808	near	115425/33554432	[1.1516075888233131640081239246104953238468431369 +/- 1.70e-47]	0	[1.1516075888233131640081239246104953238468431369 +/- 1.70e-47]	[1.1516075888233131640081239246104953238468431369 +/- 1.70e-47]	33614	0	0	accepted	21.589967	
DIAGNOSTIC / NOT_EVIDENCE	1	15	5	227/256	255/256	2703/6400	115997/33423616	31292631/83559040	near	116451/33554432	[1.0942712573727714635569967395126464987249061172 +/- 4.41e-48]	0	[1.0942712573727714635569967395126464987249061172 +/- 4.41e-48]	[1.0942712573727714635569967395126464987249061172 +/- 4.41e-48]	33614	0	0	accepted	21.024660	
DIAGNOSTIC / NOT_EVIDENCE	2	15	5	229/256	255/256	2703/6400	117019/33423616	31568337/83559040	near	117477/33554432	[1.0193004005706724974755129884162941599251001632 +/- 4.49e-47]	0	[1.0193004005706724974755129884162941599251001632 +/- 4.49e-47]	[1.0193004005706724974755129884162941599251001632 +/- 4.49e-47]	33614	0	0	accepted	21.094874	
DIAGNOSTIC / NOT_EVIDENCE	3	15	5	231/256	255/256	2703/6400	118041/33423616	31844043/83559040	near	118503/33554432	[0.91084452797118304688036304292919378363428685695 +/- 3.49e-48]	0	[0.91084452797118304688036304292919378363428685695 +/- 3.49e-48]	[0.91084452797118304688036304292919378363428685695 +/- 3.49e-48]	33614	0	0	accepted	21.280281	
DIAGNOSTIC / NOT_EVIDENCE	4	15	5	233/256	255/256	2703/6400	119063/33423616	32119749/83559040	near	119529/33554432	[0.75230365339074156330725097437610919456055193766 +/- 4.67e-48]	0	[0.75230365339074156330725097437610919456055193766 +/- 4.67e-48]	[0.75230365339074156330725097437610919456055193766 +/- 4.67e-48]	33614	0	0	accepted	21.184227	
DIAGNOSTIC / NOT_EVIDENCE	5	15	5	235/256	255/256	2703/6400	120085/33423616	6479091/16711808	near	120555/33554432	[0.52234651253904841791034491464245127713139666925 +/- 2.60e-48]	0	[0.52234651253904841791034491464245127713139666925 +/- 2.60e-48]	[0.52234651253904841791034491464245127713139666925 +/- 2.60e-48]	33614	0	0	accepted	22.113172	
DIAGNOSTIC / NOT_EVIDENCE	6	15	5	237/256	255/256	2703/6400	121107/33423616	32671161/83559040	near	121581/33554432	[0.15064491687738520197877208479356207521597666719 +/- 4.54e-48]	0	[0.15064491687738520197877208479356207521597666719 +/- 4.54e-48]	[0.15064491687738520197877208479356207521597666719 +/- 4.54e-48]	33614	0	0	accepted	22.170827	
DIAGNOSTIC / NOT_EVIDENCE	7	15	5	239/256	255/256	2703/6400	122129/33423616	32946867/83559040	near	122607/33554432	[1.2011699614297995157231159378935015755774295085 +/- 4.75e-47]	0	[1.2011699614297995157231159378935015755774295085 +/- 4.75e-47]	[1.2011699614297995157231159378935015755774295085 +/- 4.75e-47]	58826	0	0	accepted	38.911732	
DIAGNOSTIC / NOT_EVIDENCE	8	15	5	241/256	255/256	2703/6400	123151/33423616	33222573/83559040	near	123633/33554432	[0.97558499622826355797029787891158293915163941103 +/- 4.59e-48]	0	[0.97558499622826355797029787891158293915163941103 +/- 4.59e-48]	[0.97558499622826355797029787891158293915163941103 +/- 4.59e-48]	58826	0	0	accepted	39.326653	
DIAGNOSTIC / NOT_EVIDENCE	9	15	5	243/256	255/256	2703/6400	124173/33423616	33498279/83559040	near	124659/33554432	[0.55233161345569688862463379223873215497823319527 +/- 4.64e-48]	0	[0.55233161345569688862463379223873215497823319527 +/- 4.64e-48]	[0.55233161345569688862463379223873215497823319527 +/- 4.64e-48]	58826	0	0	accepted	39.934789	
DIAGNOSTIC / NOT_EVIDENCE	10	15	5	245/256	255/256	2703/6400	125195/33423616	6754797/16711808	near	125685/33554432	[-0.33143090935590497421419217664698159609893084852 +/- 1.51e-48]	0	[-0.33143090935590497421419217664698159609893084852 +/- 1.51e-48]	[-0.33143090935590497421419217664698159609893084852 +/- 1.51e-48]	60023	0	0	max_cell_count	39.858764	
DIAGNOSTIC / NOT_EVIDENCE	11	15	5	247/256	255/256	2703/6400	126217/33423616	34049691/83559040	near	126711/33554432	[-2.4511867319433235294679002592719423255386316375 +/- 7.44e-48]	0	[-2.4511867319433235294679002592719423255386316375 +/- 7.44e-48]	[-2.4511867319433235294679002592719423255386316375 +/- 7.44e-48]	60023	0	0	max_cell_count	40.195745	
DIAGNOSTIC / NOT_EVIDENCE	12	15	5	249/256	255/256	2703/6400	127239/33423616	34325397/83559040	near	127737/33554432	[-8.4326898143182516653510016041168068864536923609 +/- 4.18e-47]	0	[-8.4326898143182516653510016041168068864536923609 +/- 4.18e-47]	[-8.4326898143182516653510016041168068864536923609 +/- 4.18e-47]	61373	0	0	max_cell_count	41.400239	
DIAGNOSTIC / NOT_EVIDENCE	13	15	5	251/256	255/256	2703/6400	128261/33423616	34601103/83559040	near	128763/33554432	[-156.56653737734825644887337556402559527280452600 +/- 5.94e-46]	0	[-156.56653737734825644887337556402559527280452600 +/- 5.94e-46]	[-156.56653737734825644887337556402559527280452600 +/- 5.94e-46]	38111	0	0	max_cell_count	24.349214	
DIAGNOSTIC / NOT_EVIDENCE	14	15	5	253/256	255/256	2703/6400	129283/33423616	34876809/83559040	near	129789/33554432	[1.7592393617453387026724539533366205929946530143 +/- 7.69e-48]	[33.728207425385889301431466094005588839482249317 +/- 1.52e-46]	[-31.968968063640550598759012140668968246487596303 +/- 1.73e-46]	[-31.968968063640550598759012140668968246487596303 +/- 1.29e-46]	37087	1024	0	max_cell_count	24.152478	
DIAGNOSTIC / NOT_EVIDENCE	15	15	5	255/256	255/256	2703/6400	130305/33423616	7030503/16711808	near	130815/33554432	[1.7862153407517848492281881638209164323396459348 +/- 4.10e-47]	[33.728207425385889301431466094005588839482249317 +/- 1.52e-46]	[-31.941992084634104452203277930184672407142603382 +/- 3.96e-46]	[-31.941992084634104452203277930184672407142603382 +/- 3.96e-46]	37087	1024	0	max_cell_count	24.568166	
DIAGNOSTIC / NOT_EVIDENCE	0	15	10	225/256	255/256	2833/6400	114975/33423616	6501735/16711808	near	115425/33554432	[0.044411658570310849646816053622924077125564284488 +/- 8.40e-50]	0	[0.044411658570310849646816053622924077125564284488 +/- 8.40e-50]	[0.044411658570310849646816053622924077125564284488 +/- 8.40e-50]	19208	0	0	accepted	12.295643	
DIAGNOSTIC / NOT_EVIDENCE	1	15	10	227/256	255/256	2833/6400	115997/33423616	32797641/83559040	near	116451/33554432	[1.2059014508574201245733189084532764487947000238 +/- 2.79e-47]	0	[1.2059014508574201245733189084532764487947000238 +/- 2.79e-47]	[1.2059014508574201245733189084532764487947000238 +/- 2.79e-47]	33614	0	0	accepted	21.873263	
DIAGNOSTIC / NOT_EVIDENCE	2	15	10	229/256	255/256	2833/6400	117019/33423616	33086607/83559040	near	117477/33554432	[1.1388880079754119118712519957628327391615683853 +/- 1.10e-48]	0	[1.1388880079754119118712519957628327391615683853 +/- 1.10e-48]	[1.1388880079754119118712519957628327391615683853 +/- 1.10e-48]	33614	0	0	accepted	21.277846	
DIAGNOSTIC / NOT_EVIDENCE	3	15	10	231/256	255/256	2833/6400	118041/33423616	33375573/83559040	near	118503/33554432	[1.0477051594335067138774141791892452319548520582 +/- 3.06e-47]	0	[1.0477051594335067138774141791892452319548520582 +/- 3.06e-47]	[1.0477051594335067138774141791892452319548520582 +/- 3.06e-47]	33614	0	0	accepted	20.972201	
DIAGNOSTIC / NOT_EVIDENCE	4	15	10	233/256	255/256	2833/6400	119063/33423616	33664539/83559040	near	119529/33554432	[0.91360890023205910345057983607390400931781624222 +/- 1.43e-48]	0	[0.91360890023205910345057983607390400931781624222 +/- 1.43e-48]	[0.91360890023205910345057983607390400931781624222 +/- 1.43e-48]	33614	0	0	accepted	20.895818	
DIAGNOSTIC / NOT_EVIDENCE	5	15	10	235/256	255/256	2833/6400	120085/33423616	6790701/16711808	near	120555/33554432	[0.71276455771326158096454396203333885427430686414 +/- 3.09e-48]	0	[0.71276455771326158096454396203333885427430686414 +/- 3.09e-48]	[0.71276455771326158096454396203333885427430686414 +/- 3.09e-48]	33614	0	0	accepted	21.921020	
DIAGNOSTIC / NOT_EVIDENCE	6	15	10	237/256	255/256	2833/6400	121107/33423616	34242471/83559040	near	121581/33554432	[0.40338668051325476844242972131941115390954242663 +/- 1.10e-49]	0	[0.40338668051325476844242972131941115390954242663 +/- 1.10e-49]	[0.40338668051325476844242972131941115390954242663 +/- 1.10e-49]	33614	0	0	accepted	21.587918	
DIAGNOSTIC / NOT_EVIDENCE	7	15	10	239/256	255/256	2833/6400	122129/33423616	34531437/83559040	near	122607/33554432	[1.3315508569630684901649742404741662991643986382 +/- 4.43e-47]	0	[1.3315508569630684901649742404741662991643986382 +/- 4.43e-47]	[1.3315508569630684901649742404741662991643986382 +/- 4.43e-47]	58826	0	0	accepted	38.869043	
DIAGNOSTIC / NOT_EVIDENCE	8	15	10	241/256	255/256	2833/6400	123151/33423616	34820403/83559040	near	123633/33554432	[1.1339448411633913869883616112479944158775495384 +/- 1.95e-47]	0	[1.1339448411633913869883616112479944158775495384 +/- 1.95e-47]	[1.1339448411633913869883616112479944158775495384 +/- 1.95e-47]	58826	0	0	accepted	38.198978	
DIAGNOSTIC / NOT_EVIDENCE	9	15	10	243/256	255/256	2833/6400	124173/33423616	35109369/83559040	near	124659/33554432	[0.77876917841571588290862905204212899331856671454 +/- 1.07e-48]	0	[0.77876917841571588290862905204212899331856671454 +/- 1.07e-48]	[0.77876917841571588290862905204212899331856671454 +/- 1.07e-48]	58826	0	0	accepted	37.366961	
DIAGNOSTIC / NOT_EVIDENCE	10	15	10	245/256	255/256	2833/6400	125195/33423616	7079667/16711808	near	125685/33554432	[0.034107120950640165182477837406156281104721520765 +/- 4.61e-49]	0	[0.034107120950640165182477837406156281104721520765 +/- 4.61e-49]	[0.034107120950640165182477837406156281104721520765 +/- 4.61e-49]	60023	0	0	accepted	40.286590	
DIAGNOSTIC / NOT_EVIDENCE	11	15	10	247/256	255/256	2833/6400	126217/33423616	35687301/83559040	near	126711/33554432	[-1.7664609990565209918276089012550515187453900551 +/- 3.47e-47]	0	[-1.7664609990565209918276089012550515187453900551 +/- 3.47e-47]	[-1.7664609990565209918276089012550515187453900551 +/- 3.47e-47]	60023	0	0	max_cell_count	39.621817	
DIAGNOSTIC / NOT_EVIDENCE	12	15	10	249/256	255/256	2833/6400	127239/33423616	35976267/83559040	near	127737/33554432	[-6.8777249397117490979733052504303488005645010325 +/- 2.77e-47]	0	[-6.8777249397117490979733052504303488005645010325 +/- 2.77e-47]	[-6.8777249397117490979733052504303488005645010325 +/- 2.77e-47]	61373	0	0	max_cell_count	41.067688	
DIAGNOSTIC / NOT_EVIDENCE	13	15	10	251/256	255/256	2833/6400	128261/33423616	36265233/83559040	near	128763/33554432	[-26.419509657712807669185842146477885726478730178 +/- 1.78e-46]	0	[-26.419509657712807669185842146477885726478730178 +/- 1.78e-46]	[-26.419509657712807669185842146477885726478730178 +/- 1.78e-46]	64679	0	0	max_cell_count	43.097336	
DIAGNOSTIC / NOT_EVIDENCE	14	15	10	253/256	255/256	2833/6400	129283/33423616	36554199/83559040	near	129789/33554432	[1.8173119884106260016025593044516955948779697527 +/- 4.49e-47]	[32.180495824503374084634399171230888327963473316 +/- 3.87e-47]	[-30.363183836092748083031839866779192733085503563 +/- 3.01e-46]	[-30.363183836092748083031839866779192733085503563 +/- 2.79e-46]	37087	1024	0	max_cell_count	23.835871	
DIAGNOSTIC / NOT_EVIDENCE	15	15	10	255/256	255/256	2833/6400	130305/33423616	7368633/16711808	near	130815/33554432	[1.8452184260261134794179885139953577847876524624 +/- 2.63e-47]	[32.180495824503374084634399171230888327963473316 +/- 3.87e-47]	[-30.335277398477260605216410657235530543175820854 +/- 4.17e-46]	[-30.335277398477260605216410657235530543175820854 +/- 3.95e-46]	37087	1024	0	max_cell_count	25.255255	
DIAGNOSTIC / NOT_EVIDENCE	0	15	15	225/256	255/256	2963/6400	114975/33423616	6800085/16711808	near	115425/33554432	[0.22139983498441998135207843177073991353112303362 +/- 1.93e-48]	0	[0.22139983498441998135207843177073991353112303362 +/- 1.93e-48]	[0.22139983498441998135207843177073991353112303362 +/- 1.93e-48]	19208	0	0	accepted	11.560956	
DIAGNOSTIC / NOT_EVIDENCE	1	15	15	227/256	255/256	2963/6400	115997/33423616	34302651/83559040	near	116451/33554432	[0.022816772013817736053570153371199085555973621929 +/- 8.98e-50]	0	[0.022816772013817736053570153371199085555973621929 +/- 8.98e-50]	[0.022816772013817736053570153371199085555973621929 +/- 8.98e-50]	19208	0	0	accepted	11.410175	
DIAGNOSTIC / NOT_EVIDENCE	2	15	15	229/256	255/256	2963/6400	117019/33423616	34604877/83559040	near	117477/33554432	[1.2416772198363506003875415452148269305570414686 +/- 2.13e-47]	0	[1.2416772198363506003875415452148269305570414686 +/- 2.13e-47]	[1.2416772198363506003875415452148269305570414686 +/- 2.13e-47]	33614	0	0	accepted	21.454374	
DIAGNOSTIC / NOT_EVIDENCE	3	15	15	231/256	255/256	2963/6400	118041/33423616	34907103/83559040	near	118503/33554432	[1.1625310067419721318026789327410772313280039750 +/- 2.35e-47]	0	[1.1625310067419721318026789327410772313280039750 +/- 2.35e-47]	[1.1625310067419721318026789327410772313280039750 +/- 2.35e-47]	33614	0	0	accepted	20.474672	
DIAGNOSTIC / NOT_EVIDENCE	4	15	15	233/256	255/256	2963/6400	119063/33423616	35209329/83559040	near	119529/33554432	[1.0464829760134307050795034429759275141927534191 +/- 4.25e-47]	0	[1.0464829760134307050795034429759275141927534191 +/- 4.25e-47]	[1.0464829760134307050795034429759275141927534191 +/- 4.25e-47]	33614	0	0	accepted	21.683503	
DIAGNOSTIC / NOT_EVIDENCE	5	15	15	235/256	255/256	2963/6400	120085/33423616	7102311/16711808	near	120555/33554432	[0.87201365361841035821850256538892221887990178635 +/- 3.23e-48]	0	[0.87201365361841035821850256538892221887990178635 +/- 3.23e-48]	[0.87201365361841035821850256538892221887990178635 +/- 3.23e-48]	33614	0	0	accepted	20.730714	
DIAGNOSTIC / NOT_EVIDENCE	6	15	15	237/256	255/256	2963/6400	121107/33423616	35813781/83559040	near	121581/33554432	[0.60892266271299659477844336136655130007020573327 +/- 2.77e-48]	0	[0.60892266271299659477844336136655130007020573327 +/- 2.77e-48]	[0.60892266271299659477844336136655130007020573327 +/- 2.77e-48]	33614	0	0	accepted	20.556021	
DIAGNOSTIC / NOT_EVIDENCE	7	15	15	239/256	255/256	2963/6400	122129/33423616	36116007/83559040	near	122607/33554432	[0.16388562892393199566949292740443521514730888506 +/- 3.10e-48]	0	[0.16388562892393199566949292740443521514730888506 +/- 3.10e-48]	[0.16388562892393199566949292740443521514730888506 +/- 3.10e-48]	33614	0	0	accepted	21.577499	
DIAGNOSTIC / NOT_EVIDENCE	8	15	15	241/256	255/256	2963/6400	123151/33423616	36418233/83559040	near	123633/33554432	[1.2698927431600031858842072912223802562289594695 +/- 2.27e-47]	0	[1.2698927431600031858842072912223802562289594695 +/- 2.27e-47]	[1.2698927431600031858842072912223802562289594695 +/- 2.27e-47]	58826	0	0	accepted	36.588849	
DIAGNOSTIC / NOT_EVIDENCE	9	15	15	243/256	255/256	2963/6400	124173/33423616	36720459/83559040	near	124659/33554432	[0.96472250147391344164181631413168245745114227370 +/- 2.78e-48]	0	[0.96472250147391344164181631413168245745114227370 +/- 2.78e-48]	[0.96472250147391344164181631413168245745114227370 +/- 2.78e-48]	58826	0	0	accepted	37.016895	
DIAGNOSTIC / NOT_EVIDENCE	10	15	15	245/256	255/256	2963/6400	125195/33423616	7404537/16711808	near	125685/33554432	[0.33304742865157116975708894274621191704680359635 +/- 1.72e-48]	0	[0.33304742865157116975708894274621191704680359635 +/- 1.72e-48]	[0.33304742865157116975708894274621191704680359635 +/- 1.72e-48]	60023	0	0	accepted	36.651057	
DIAGNOSTIC / NOT_EVIDENCE	11	15	15	247/256	255/256	2963/6400	126217/33423616	37324911/83559040	near	126711/33554432	[-1.2057202060400477085969488709395101346619636433 +/- 1.32e-47]	0	[-1.2057202060400477085969488709395101346619636433 +/- 1.32e-47]	[-1.2057202060400477085969488709395101346619636433 +/- 1.32e-47]	60023	0	0	max_cell_count	37.425136	
DIAGNOSTIC / NOT_EVIDENCE	12	15	15	249/256	255/256	2963/6400	127239/33423616	37627137/83559040	near	127737/33554432	[-5.6000549145839356818008707701725705083033009060 +/- 2.72e-47]	0	[-5.6000549145839356818008707701725705083033009060 +/- 2.72e-47]	[-5.6000549145839356818008707701725705083033009060 +/- 2.72e-47]	61373	0	0	max_cell_count	38.751560	
DIAGNOSTIC / NOT_EVIDENCE	13	15	15	251/256	255/256	2963/6400	128261/33423616	37929363/83559040	near	128763/33554432	[-22.500090394714625376188477893688226949162969781 +/- 1.31e-46]	0	[-22.500090394714625376188477893688226949162969781 +/- 1.31e-46]	[-22.500090394714625376188477893688226949162969781 +/- 1.31e-46]	64679	0	0	max_cell_count	40.177684	
DIAGNOSTIC / NOT_EVIDENCE	14	15	15	253/256	255/256	2963/6400	129283/33423616	38231589/83559040	near	129789/33554432	[1.8647239379803603239343809618863988733023179148 +/- 2.51e-47]	[30.768594218973357671876224384777963764131123829 +/- 3.46e-46]	[-28.903870280992997347941843422891564890828805914 +/- 2.06e-46]	[-28.903870280992997347941843422891564890828805914 +/- 1.41e-46]	37087	1024	0	max_cell_count	23.478695	
DIAGNOSTIC / NOT_EVIDENCE	15	15	15	255/256	255/256	2963/6400	130305/33423616	7706763/16711808	near	130815/33554432	[1.8937517102654561100844518857784227753375331667 +/- 3.40e-47]	[30.768594218973357671876224384777963764131123829 +/- 3.46e-46]	[-28.874842508707901561791772498999540988793590662 +/- 1.14e-46]	[-28.874842508707901561791772498999540988793590662 +/- 6.96e-47]	37087	1024	0	max_cell_count	22.926788	
