r	t	lambda_	R	L_lower	stop_reason
225/256	251/256	2573/6400	1/2	-0.3	max_cell_count
227/256	251/256	2573/6400	1/2	-0.3	max_cell_count
229/256	251/256	2573/6400	1/2	-0.3	max_cell_count
231/256	251/256	2573/6400	1/2	-0.3	max_cell_count
233/256	251/256	2573/6400	1/2	-0.3	max_cell_count
235/256	251/256	2573/6400	1/2	-0.3	max_cell_count
237/256	251/256	2573/6400	1/2	-0.3	max_cell_count
239/256	251/256	2573/6400	1/2	-0.3	max_cell_count
241/256	251/256	2573/6400	1/2	-0.3	max_cell_count
243/256	251/256	2573/6400	1/2	-0.3	max_cell_count
245/256	251/256	2573/6400	1/2	-0.3	max_cell_count
247/256	251/256	2573/6400	1/2	-0.3	max_cell_count
249/256	251/256	2573/6400	1/2	-0.3	max_cell_count
251/256	251/256	2573/6400	1/2	-0.3	max_cell_count
253/256	251/256	2573/6400	1/2	0.5	max_cell_count
255/256	251/256	2573/6400	1/2	0.5	max_cell_count
225/256	251/256	2703/6400	1/2	-0.3	max_cell_count
227/256	251/256	2703/6400	1/2	-0.3	max_cell_count
229/256	251/256	2703/6400	1/2	-0.3	max_cell_count
231/256	251/256	2703/6400	1/2	-0.3	max_cell_count
233/256	251/256	2703/6400	1/2	-0.3	max_cell_count
235/256	251/256	2703/6400	1/2	-0.3	max_cell_count
237/256	251/256	2703/6400	1/2	-0.3	max_cell_count
239/256	251/256	2703/6400	1/2	-0.3	max_cell_count
241/256	251/256	2703/6400	1/2	-0.3	max_cell_count
243/256	251/256	2703/6400	1/2	-0.3	max_cell_count
245/256	251/256	2703/6400	1/2	-0.3	max_cell_count
247/256	251/256	2703/6400	1/2	-0.3	max_cell_count
249/256	251/256	2703/6400	1/2	-0.3	max_cell_count
251/256	251/256	2703/6400	1/2	-0.3	max_cell_count
253/256	251/256	2703/6400	1/2	0.5	max_cell_count
255/256	251/256	2703/6400	1/2	0.5	max_cell_count
225/256	251/256	2833/6400	1/2	-0.3	max_cell_count
227/256	251/256	2833/6400	1/2	-0.3	max_cell_count
229/256	251/256	2833/6400	1/2	-0.3	max_cell_count
231/256	251/256	2833/6400	1/2	-0.3	max_cell_count
233/256	251/256	2833/6400	1/2	-0.3	max_cell_count
235/256	251/256	2833/6400	1/2	-0.3	max_cell_count
237/256	251/256	2833/6400	1/2	-0.3	max_cell_count
239/256	251/256	2833/6400	1/2	-0.3	max_cell_count
241/256	251/256	2833/6400	1/2	-0.3	max_cell_count
243/256	251/256	2833/6400	1/2	-0.3	max_cell_count
245/256	251/256	2833/6400	1/2	-0.3	max_cell_count
247/256	251/256	2833/6400	1/2	-0.3	max_cell_count
249/256	251/256	2833/6400	1/2	-0.3	max_cell_count
251/256	251/256	2833/6400	1/2	-0.3	max_cell_count
253/256	251/256	2833/6400	1/2	0.5	max_cell_count
255/256	251/256	2833/6400	1/2	0.5	max_cell_count
225/256	251/256	2963/6400	1/2	-0.3	max_cell_count
227/256	251/256	2963/6400	1/2	-0.3	max_cell_count
229/256	251/256	2963/6400	1/2	-0.3	max_cell_count
231/256	251/256	2963/6400	1/2	-0.3	max_cell_count
233/256	251/256	2963/6400	1/2	-0.3	max_cell_count
235/256	251/256	2963/6400	1/2	-0.3	max_cell_count
237/256	251/256	2963/6400	1/2	-0.3	max_cell_count
239/256	251/256	2963/6400	1/2	-0.3	max_cell_count
241/256	251/256	2963/6400	1/2	-0.3	max_cell_count
243/256	251/256	2963/6400	1/2	-0.3	max_cell_count
245/256	251/256	2963/6400	1/2	-0.3	max_cell_count
247/256	251/256	2963/6400	1/2	-0.3	max_cell_count
249/256	251/256	2963/6400	1/2	-0.3	max_cell_count
251/256	251/256	2963/6400	1/2	-0.3	max_cell_count
253/256	251/256	2963/6400	1/2	0.5	max_cell_count
255/256	251/256	2963/6400	1/2	0.5	max_cell_count
225/256	253/256	2573/6400	1/2	-0.3	max_cell_count
227/256	253/256	2573/6400	1/2	-0.3	max_cell_count
229/256	253/256	2573/6400	1/2	-0.3	max_cell_count
231/256	253/256	2573/6400	1/2	-0.3	max_cell_count
233/256	253/256	2573/6400	1/2	-0.3	max_cell_count
235/256	253/256	2573/6400	1/2	-0.3	max_cell_count
237/256	253/256	2573/6400	1/2	-0.3	max_cell_count
239/256	253/256	2573/6400	1/2	-0.3	max_cell_count
241/256	253/256	2573/6400	1/2	-0.3	max_cell_count
243/256	253/256	2573/6400	1/2	0.5	max_cell_count
245/256	253/256	2573/6400	1/2	0.5	max_cell_count
247/256	253/256	2573/6400	1/2	0.5	max_cell_count
249/256	253/256	2573/6400	1/2	0.5	max_cell_count
251/256	253/256	2573/6400	1/2	0.5	max_cell_count
253/256	253/256	2573/6400	1/2	0.5	max_cell_count
255/256	253/256	2573/6400	1/2	0.5	max_cell_count
225/256	253/256	2703/6400	1/2	-0.3	max_cell_count
227/256	253/256	2703/6400	1/2	-0.3	max_cell_count
229/256	253/256	2703/6400	1/2	-0.3	max_cell_count
231/256	253/256	2703/6400	1/2	-0.3	max_cell_count
233/256	253/256	2703/6400	1/2	-0.3	max_cell_count
235/256	253/256	2703/6400	1/2	-0.3	max_cell_count
237/256	253/256	2703/6400	1/2	-0.3	max_cell_count
239/256	253/256	2703/6400	1/2	-0.3	max_cell_count
241/256	253/256	2703/6400	1/2	-0.3	max_cell_count
243/256	253/256	2703/6400	1/2	0.5	max_cell_count
245/256	253/256	2703/6400	1/2	0.5	max_cell_count
247/256	253/256	2703/6400	1/2	0.5	max_cell_count
249/256	253/256	2703/6400	1/2	0.5	max_cell_count
251/256	253/256	2703/6400	1/2	0.5	max_cell_count
253/256	253/256	2703/6400	1/2	0.5	max_cell_count
255/256	253/256	2703/6400	1/2	0.5	max_cell_count
225/256	253/256	2833/6400	1/2	-0.3	max_cell_count
227/256	253/256	2833/6400	1/2	-0.3	max_cell_count
229/256	253/256	2833/6400	1/2	-0.3	max_cell_count
231/256	253/256	2833/6400	1/2	-0.3	max_cell_count
233/256	253/256	2833/6400	1/2	-0.3	max_cell_count
235/256	253/256	2833/6400	1/2	-0.3	max_cell_count
237/256	253/256	2833/6400	1/2	-0.3	max_cell_count
239/256	253/256	2833/6400	1/2	-0.3	max_cell_count
241/256	253/256	2833/6400	1/2	-0.3	max_cell_count
243/256	253/256	2833/6400	1/2	0.5	max_cell_count
245/256	253/256	2833/6400	1/2	0.5	max_cell_count
247/256	253/256	2833/6400	1/2	0.5	max_cell_count
249/256	253/256	2833/6400	1/2	0.5	max_cell_count
251/256	253/256	2833/6400	1/2	0.5	max_cell_count
253/256	253/256	2833/6400	1/2	0.5	max_cell_count
255/256	253/256	2833/6400	1/2	0.5	max_cell_count
225/256	253/256	2963/6400	1/2	-0.3	max_cell_count
227/256	253/256	2963/6400	1/2	-0.3	max_cell_count
229/256	253/256	2963/6400	1/2	-0.3	max_cell_count
231/256	253/256	2963/6400	1/2	-0.3	max_cell_count
233/256	253/256	2963/6400	1/2	-0.3	max_cell_count
235/256	253/256	2963/6400	1/2	-0.3	max_cell_count
237/256	253/256	2963/6400	1/2	-0.3	max_cell_count
239/256	253/256	2963/6400	1/2	-0.3	max_cell_count
241/256	253/256	2963/6400	1/2	-0.3	max_cell_count
243/256	253/256	2963/6400	1/2	-0.3	max_cell_count
245/256	253/256	2963/6400	1/2	0.5	max_cell_count
247/256	253/256	2963/6400	1/2	0.5	max_cell_count
249/256	253/256	2963/6400	1/2	0.5	max_cell_count
251/256	253/256	2963/6400	1/2	0.5	max_cell_count
253/256	253/256	2963/6400	1/2	0.5	max_cell_count
255/256	253/256	2963/6400	1/2	0.5	max_cell_count
225/256	255/256	2573/6400	1/2	-0.3	max_cell_count
227/256	255/256	2573/6400	1/2	-0.3	max_cell_count
229/256	255/256	2573/6400	1/2	-0.3	max_cell_count
231/256	255/256	2573/6400	1/2	-0.3	max_cell_count
233/256	255/256	2573/6400	1/2	-0.3	max_cell_count
235/256	255/256	2573/6400	1/2	-0.3	max_cell_count
237/256	255/256	2573/6400	1/2	-0.3	max_cell_count
239/256	255/256	2573/6400	1/2	-0.3	max_cell_count
241/256	255/256	2573/6400	1/2	-0.3	max_cell_count
243/256	255/256	2573/6400	1/2	-0.3	max_cell_count
245/256	255/256	2573/6400	1/2	-0.3	max_cell_count
247/256	255/256	2573/6400	1/2	-0.3	max_cell_count
249/256	255/256	2573/6400	1/2	-0.3	max_cell_count
251/256	255/256	2573/6400	1/2	0.5	max_cell_count
253/256	255/256	2573/6400	1/2	0.5	max_cell_count
255/256	255/256	2573/6400	1/2	0.5	max_cell_count
225/256	255/256	2703/6400	1/2	-0.3	max_cell_count
227/256	255/256	2703/6400	1/2	-0.3	max_cell_count
229/256	255/256	2703/6400	1/2	-0.3	max_cell_count
231/256	255/256	2703/6400	1/2	-0.3	max_cell_count
233/256	255/256	2703/6400	1/2	-0.3	max_cell_count
235/256	255/256	2703/6400	1/2	-0.3	max_cell_count
237/256	255/256	2703/6400	1/2	-0.3	max_cell_count
239/256	255/256	2703/6400	1/2	-0.3	max_cell_count
241/256	255/256	2703/6400	1/2	-0.3	max_cell_count
243/256	255/256	2703/6400	1/2	-0.3	max_cell_count
245/256	255/256	2703/6400	1/2	-0.3	max_cell_count
247/256	255/256	2703/6400	1/2	-0.3	max_cell_count
249/256	255/256	2703/6400	1/2	-0.3	max_cell_count
251/256	255/256	2703/6400	1/2	-0.3	max_cell_count
253/256	255/256	2703/6400	1/2	0.5	max_cell_count
255/256	255/256	2703/6400	1/2	0.5	max_cell_count
225/256	255/256	2833/6400	1/2	-0.3	max_cell_count
227/256	255/256	2833/6400	1/2	-0.3	max_cell_count
229/256	255/256	2833/6400	1/2	-0.3	max_cell_count
231/256	255/256	2833/6400	1/2	-0.3	max_cell_count
233/256	255/256	2833/6400	1/2	-0.3	max_cell_count
235/256	255/256	2833/6400	1/2	-0.3	max_cell_count
237/256	255/256	2833/6400	1/2	-0.3	max_cell_count
239/256	255/256	2833/6400	1/2	-0.3	max_cell_count
241/256	255/256	2833/6400	1/2	-0.3	max_cell_count
243/256	255/256	2833/6400	1/2	-0.3	max_cell_count
245/256	255/256	2833/6400	1/2	-0.3	max_cell_count
247/256	255/256	2833/6400	1/2	-0.3	max_cell_count
249/256	255/256	2833/6400	1/2	-0.3	max_cell_count
251/256	255/256	2833/6400	1/2	-0.3	max_cell_count
253/256	255/256	2833/6400	1/2	0.5	max_cell_count
255/256	255/256	2833/6400	1/2	0.5	max_cell_count
225/256	255/256	2963/6400	1/2	-0.3	max_cell_count
227/256	255/256	2963/6400	1/2	-0.3	max_cell_count
229/256	255/256	2963/6400	1/2	-0.3	max_cell_count
231/256	255/256	2963/6400	1/2	-0.3	max_cell_count
233/256	255/256	2963/6400	1/2	-0.3	max_cell_count
235/256	255/256	2963/6400	1/2	-0.3	max_cell_count
237/256	255/256	2963/6400	1/2	-0.3	max_cell_count
239/256	255/256	2963/6400	1/2	-0.3	max_cell_count
241/256	255/256	2963/6400	1/2	-0.3	max_cell_count
243/256	255/256	2963/6400	1/2	-0.3	max_cell_count
245/256	255/256	2963/6400	1/2	-0.3	max_cell_count
247/256	255/256	2963/6400	1/2	-0.3	max_cell_count
249/256	255/256	2963/6400	1/2	-0.3	max_cell_count
251/256	255/256	2963/6400	1/2	-0.3	max_cell_count
253/256	255/256	2963/6400	1/2	0.5	max_cell_count
255/256	255/256	2963/6400	1/2	0.5	max_cell_count
